feature_id	metab_sample_001	metab_sample_002	metab_sample_003	metab_sample_004	metab_sample_005	metab_sample_006	metab_sample_007	metab_sample_008	metab_sample_009	metab_sample_010	metab_sample_011	metab_sample_012	metab_sample_013	metab_sample_014	metab_sample_015	metab_sample_016	metab_sample_017	metab_sample_018	metab_sample_019	metab_sample_020	metab_sample_021	metab_sample_022	metab_sample_023	metab_sample_024
metab_feature_0001	-0.070107821273356	-1.3281757179845	1.75024904512658	-0.470200649161013	-0.148362727482999	-1.40377172388888	1.77729149487436	-1.50074766773463	-0.835318606312715	-2.22404972239387	1.37504439802174	0.0638851232740376	0.37113444812621	-0.158142135521405	1.69619383883119	-0.0639354467477125	0.704776313232899	0.415780958369623	1.62623512617796	-0.441472636983289	0.12028216394755	-1.2666601685338	2.48185112249993	0.00424155442617223
metab_feature_0002	2.31056549777943	-4.68262363403793	4.97701815044716	2.26212269548068	-0.587985131772374	-4.83078038547259	5.77400620584621	-0.893284402066737	-1.37074939990501	-6.99281680857119	1.96363293640808	-1.24891683428215	4.9252517096398	-0.837091780682937	7.99101461908889	1.7432036495589	1.27587658920139	-4.95890239370658	5.47008091497276	0.583437197890354	1.6836234007459	-6.84056325397377	3.68056768251161	-2.18724491788052
metab_feature_0003	-2.13252677267451	-0.261407942959507	0.68482366286766	1.83045902466471	0.907307083670053	1.15676328312429	0.9051633062783	1.40678465976448	-0.771664631516207	-0.339837975931885	1.35498730637831	0.834080840001971	-1.25220934557895	-0.00264731781975772	-0.9287783916072	1.78016072986201	-0.969732781188447	0.323763460085819	0.949389527659716	0.884693034169818	-0.131951879863902	-0.0197558919060019	0.784090419464048	0.534545303554604
metab_feature_0004	0.894954046860009	-0.769444511230532	1.31965149706573	-2.04636682121684	0.70672680739272	0.177452776850865	0.0808450695187876	-0.89423040247373	1.7918749541378	-0.175623599831289	0.544321559481802	-2.21586640410691	1.80458874035454	-0.858800419521122	0.3934372260049	-1.42452204456337	0.343190404815704	-0.472407602444456	1.41779790950854	-1.9935464898646	1.15720677328051	-1.26603009696336	0.852437085301435	-1.0373670657087
metab_feature_0005	-3.87828794611333	2.47973084748687	-3.95215164982365	1.5433819513573	-3.89998850255858	4.06729146876519	-2.82219063022684	4.01801267295286	-4.18598257841183	4.72359371698309	-1.93224985472	4.34833104499669	-6.73452651642367	2.10795005163786	-3.47697244551111	5.15757832930595	-4.8931022144709	2.43168866357412	-3.97837640843148	2.96990162281141	-3.65789950963872	2.88325455007677	-3.90596939505184	5.37011908812608
metab_feature_0006	1.45577752731553	-2.92885944466941	3.44793164593876	2.66901385854198	-0.481443417563308	-3.1262928886109	3.28420696001372	0.885210713074937	-2.32606663151193	-3.85341268935015	0.997833716318072	-1.21539947332442	2.47303012433911	-0.217523905973305	4.8240395828104	2.4390167362456	-0.333553594749848	-2.47788009265485	3.3680660179318	1.58242425803141	0.68504722493136	-5.33398717637218	1.87364258959504	-1.35994762260017
metab_feature_0007	3.75792013006496	-0.72238063513134	1.98080431849514	-3.83521210585776	4.85100175187373	-1.87787033242806	0.688477637282426	-3.37666579588135	3.06689623735909	-2.73791862904759	0.743203665584801	-4.57297555820612	4.83602067142432	-0.933901748729821	1.17297185214353	-4.48702256676142	3.35024311051384	-0.033473725939194	1.31291467339166	-3.14783207029778	2.95098026689559	-0.751064613590122	0.646523080086805	-4.4019019350651
metab_feature_0008	-2.41220366710186	1.97044394062225	-4.43819229689168	-0.497087015927348	-0.507098472613482	4.02674518887507	-4.17828864983195	1.12994274792506	-0.459383120439913	5.97048175289848	-1.47975190654895	3.28017062531683	-4.74032406555016	-0.00649464943329736	-5.07369857653101	0.576648097500543	-1.70531315745054	0.556285904981241	-4.33989214097383	1.09422039168772	-1.74561326207325	3.13131440336797	-0.317797271005852	1.03922105475473
metab_feature_0009	1.16886970459441	2.92012487350508	-2.2453649416629	-1.08271728391719	0.376680214024558	0.826170994181571	-2.84778949811884	-0.835515647128458	-1.41914602009862	1.5004275811996	-0.943160234414849	-0.169201850767362	1.18525529022813	0.17002272697139	0.372544295077308	-1.0537275790259	1.18160080941025	1.43462026807826	-0.845740240488358	0.249396848618291	0.528913036499067	2.57404263900021	-3.25224158979402	-0.12263655210893
metab_feature_0010	-3.90883275239113	-4.79413563354066	5.57823424957483	5.25017043210683	-5.28847929250633	-4.76907938495175	6.52533103348199	5.09290797885769	-4.63621015592796	-4.76875113153814	3.92720649186245	5.13875129715667	-4.28449859215138	-1.2035392807463	5.96939035974528	5.58658710782223	-3.43917726700293	-4.10251552478801	4.89358455401428	4.08805583576018	-0.404800393507518	-5.38579065400815	4.49037294703917	3.49066725973668
metab_feature_0011	0.243484042982809	-4.87967751761633	7.71213447418235	3.12096265077304	-1.97488198009772	-6.41989979118458	6.63323160173837	3.74178094940291	-2.76691084783302	-8.43609877064999	2.13781972269619	0.871641352165017	2.02572707099569	-0.0793433076956284	7.50430651689905	2.9139967205285	0.466751775054434	-4.0983926466936	5.89463919037557	2.52500797457281	0.50781576757148	-8.91574797456307	4.39037506780218	-0.0867916855305649
metab_feature_0012	-2.53219195235969	-5.56413330936672	6.43300439339333	5.6705629874307	-4.8350997728615	-6.60015790438699	6.1394379897904	4.89622590835056	-2.67620059499622	-4.89470659544544	3.72558568420513	4.29246450828184	-3.75190025624555	-1.42164463813246	5.80628865562708	5.57999363037296	-0.733180676522244	-3.79616468717626	5.51825631328624	4.87333873972884	-0.502619636214881	-6.9508374795482	4.94986874910956	2.07815620457608
metab_feature_0013	-0.902004354694711	2.24470334213766	-3.55483944170052	-1.13902402498811	-0.347815762049316	0.438555565774614	-2.00015939417374	0.167585822495378	2.20797627255455	3.13512229472049	-0.191835675915755	1.44352340179063	-2.22720458967074	0.109299206189301	-4.05017979816676	-1.15615955914481	-0.837312016180207	0.102824011411896	-2.70354730463377	0.109467712149579	0.474891294864226	5.64453986438724	-1.43442916822507	1.88706104019628
metab_feature_0014	6.7881802059643	-6.43390821766406	5.52734713280285	-2.59528199671121	4.331976699192	-8.13803471047231	6.54525835575421	-5.18301922892663	4.59846600628567	-7.59249054761041	4.55296459437631	-7.64783796025594	9.10579980816457	-2.36042382555145	7.16647998393261	-5.02958985404875	6.69953139193771	-5.418289829557	6.47207724951945	-1.69698981846134	4.80046521053473	-7.03585162828212	5.90272272600688	-5.62800474449471
metab_feature_0015	3.14160096062269	0.367956865684219	-1.07898352031248	-3.59876809559063	2.82749179167487	0.902426156729811	-0.284065390246335	-4.35105536820403	3.21097005385635	-1.00744156861039	0.238384067509579	-3.58102331210793	4.40664688675598	-1.21711226097327	-1.46352263749867	-4.01420443903	3.2485039600565	0.194250791812864	-0.159048124384487	-3.51057827540541	1.59591059509976	-0.0482686362058817	-0.114216359616858	-2.87423327478188
metab_feature_0016	-1.02268903296978	2.86545236586492	-1.504547957573	2.0297370548546	-1.45265488195278	1.29176691084571	-3.0439566179699	2.62653938060892	-1.74221246206937	3.83311663378042	-0.619402421078657	1.40029703285027	-2.06478793073788	0.827202595949306	-1.96948549760685	2.80790299704563	-2.07755202798586	2.15420765491326	-1.69103178222695	1.30918280551907	-1.88651064046703	2.31697307394489	-3.4388173497859	0.742495722630117
metab_feature_0017	2.21489447858881	-3.41304292499175	1.5058088201262	-1.19125146312556	2.15993407225749	-1.12288597507739	2.01420177228382	-2.6006693181716	1.99135394804991	-2.70315630560147	1.56180914410001	-2.80089390535904	1.7599987947781	0.0854341246519538	2.49935842783688	-1.98810235191254	1.81272677854304	-1.75388961984295	2.33328202752906	-2.62024285265601	1.85558676432444	-1.87332222688617	2.70563148341149	-1.92793973521223
metab_feature_0018	2.69772612817661	1.64649902814819	1.08470224091144	-1.266713265743	2.20270930706498	1.91740650938914	-2.1810715843628	-2.19911957673363	1.70854274708882	-0.161108511081912	-3.29704404695829	-4.04454785373682	3.22824012307955	0.716398055347981	-0.197915386204744	-2.12861505241539	2.23669860633381	0.49070352076537	-2.42031607347346	-1.77945381464652	1.75178976473131	0.604407589540486	-2.57484064940513	-2.21385654528731
metab_feature_0019	-1.06309221475678	-0.23942268526577	-1.10945392340482	-0.262178751092377	-0.375190151042938	1.22301821962588	0.473960539872946	0.315309091332694	-0.290834670161598	0.74647447676931	-0.265902171212382	0.470504533586069	-0.887248152010253	0.0913704574018929	-0.978392300360257	1.12341631949345	-0.0741448166851892	-0.322460000370658	-0.447507552354022	-0.61421998770285	-0.418014362564841	1.50980878112618	0.20889449710919	-0.415452184421423
metab_feature_0020	-0.0412177198442326	1.61594914687299	-2.31662464571863	-1.14334568804893	-0.221619860587518	0.309720813182516	-0.703945708869718	0.559868295822735	0.397983985036648	0.969409079073159	-1.03318947065237	-0.159156499981013	-0.633646526193163	-0.0212069671107275	-0.460395184601032	-0.812886800514843	1.06872308576889	0.698526251929722	-1.12296401620752	0.551825571878976	0.763393774229925	2.12658237444151	1.22206658409336	0.856615147197491
metab_feature_0021	0.409651896732398	4.19764667250305	-0.153700991577013	2.19775900096375	-1.27415115987199	1.06927260863866	-1.0064628430163	2.09806277851723	-2.63246979072174	0.650675457590363	-1.97816096640804	-0.2222878508314	1.54685887896236	1.00209779259914	0.916727320540042	1.5418554513116	-1.91741949149602	1.46795999824951	-0.346078672606284	0.326068094995613	-2.0775442279267	-0.418668183713592	-2.78829619347817	-1.03632635099138
metab_feature_0022	-0.246016903724331	-1.06186157201691	0.256199263389918	-0.192599783934433	0.263690446629676	-1.90957763262076	1.59320639065003	0.927599313398333	-0.0734130601151249	-0.525926626161056	-0.485465938971015	0.112019119826968	0.966346378715216	-0.243483376857168	0.414130935513935	-2.05605079845998	0.550179587074714	0.322387979055401	-0.807388856477828	0.186079798836779	-0.0824328873813969	0.228429531460246	-0.32394521963787	-0.335498698443861
metab_feature_0023	-0.840468507894679	1.4311800086825	1.05536060573866	3.90598301617151	-2.53807567745763	-1.37331023333753	1.48159085868976	2.5440308868479	-2.74557033443994	-1.4792892246372	-0.456664539106701	1.43390679241532	-0.480734259582496	-0.744212053088226	0.846868907821386	1.74199849162722	-2.6182265195584	1.08421033275038	0.00880563124485989	1.88125381606294	-0.146200263925854	-1.44284569283101	0.16286667343401	0.798943613839367
metab_feature_0024	-0.406883586289987	0.254371364998112	0.251900333692943	0.256117317272057	-0.451685066827768	0.631374411716493	-1.57213297727153	0.680434365174639	-0.431317220465291	-0.267259459476758	0.127392135408556	0.738713389217863	-1.16676568135545	1.00680990394862	-0.167488764961248	0.974449962192492	-0.360908607893935	0.38493982257392	-0.259101579536802	-0.280286735675008	0.162942796887407	0.363553233342969	0.111710946919812	0.168307255783863
metab_feature_0025	-0.160611744844486	-1.55878183287936	0.0810933364323706	0.760294373942542	-0.40630987676586	-1.7744260112959	2.47520236577821	0.786702977553615	-0.439827594116124	-1.90969434644541	2.79705043301861	1.19660877701358	-2.11822151009648	-1.0795334379208	1.1016935088109	2.10706987983341	-1.10553377515561	-0.79144185451656	1.4458745232393	2.47105351504226	-0.414100043720866	-0.872562943629161	2.65484782954332	1.2751165739265
metab_feature_0026	0.108213160564636	0.49504091070342	1.09103095020856	2.49643668936183	-1.26822768812064	-0.940847021797921	-1.21133247794116	2.05819850438951	-2.2007306232502	-1.12766256114687	-1.69340868068386	1.26384848500573	0.0306520536079431	0.890088800352495	1.15185081471415	3.29378821935494	-1.37844607531202	0.263920302598924	-0.24881868562061	1.80412813383818	-0.664863065364025	-0.721518375496518	-1.91025921412267	0.276304211486804
metab_feature_0027	2.73179106551666	2.17690697465543	1.12299718461258	-0.301461090284102	1.61761056950059	1.32488862323331	-0.240236227064523	-1.17555071562389	-0.111736844538454	-2.16744098867	-1.8984739541953	-2.6276270064551	5.29827654446134	2.33394607009479	1.94124353879928	-1.45153249241424	2.81637367399049	0.944552095863501	0.115446051420174	-2.02332532406597	-0.68068637995706	0.562611540928361	-2.36182201398815	-4.36010802713383
metab_feature_0028	-2.51320964926678	-0.102843915920703	-4.0739153039812	0.368391564647261	-2.34426582450543	1.47254858332797	-2.08304956712951	2.11862739522606	-1.19735217351024	2.75674529764275	1.06486195719751	3.27267380704585	-6.49980087534444	-0.407316391112056	-1.33204918019398	-0.184350928052161	-2.75381040933521	-1.09034568184578	-1.42008055117354	1.3756636730488	0.939714870914201	1.33990461404821	1.25125557519533	3.07624622573108
metab_feature_0029	1.22665642916958	1.56245158270921	-1.56684428635416	-0.98181283103189	1.43146359055806	1.2586149348879	-0.944029807415069	-1.10623330387263	0.820678588907921	2.15139830097931	-0.570337797519312	0.719213465345486	-0.775313300573859	0.664201305265871	-1.8474707998556	-0.408933218994178	-0.718526570148346	-0.480373352943286	-0.40795920338791	-2.22265681519238	-0.861691148972215	2.2222470333594	-0.565042002549661	0.574083602467634
metab_feature_0030	0.130512473024854	-1.14691770646113	0.863136907435922	1.02904217518789	-0.143803429433023	-0.357377788767282	1.20170719056319	-0.203144644356609	-0.654937238993998	0.0917144263418475	1.59808849027577	0.701245087967517	-0.70089748484349	0.0751041711432402	-1.25959086930554	1.06593889456978	0.265724647671642	-1.45796170481172	0.329828872645859	-0.511396828298762	-0.714064332969361	0.361223389804017	0.769358618157671	1.79549210232976
metab_feature_0031	-2.96611844292209	3.75433936555343	-2.48501242717492	1.98188959986646	-2.3345506062343	1.42100746830561	-2.57503613970448	1.9350042945205	-0.883275110635585	2.57798668791527	-1.49889170175399	0.883443325211137	-2.74315798812852	2.35297701697781	-2.60260280985285	2.31634640701398	-3.56239919818898	2.63352963389537	-2.10898554328318	1.74803595002329	-1.03190804898928	2.55558478869121	-3.09806426636927	2.78395339104013
metab_feature_0032	2.92773788437376	2.14861692726571	2.62802977081721	0.0868510955636731	0.307821012361243	-0.931337474832346	0.4185270161927	-1.31648929990865	1.05322853440056	-2.75689581868641	-1.63476359385047	-3.67694032284288	5.31999222481014	0.97362277353805	3.62052295077984	0.200241851862426	2.18396603180691	0.256361612808026	1.62362609245659	-1.42948312461572	-0.208552733647339	-1.79676109260703	-0.612985203133439	-4.15317775530422
metab_feature_0033	-7.94683069815186	3.30440489153868	-6.25063291597834	3.73954710320111	-5.60953106106977	4.00687941853604	-3.7151545847568	6.19977113460524	-2.52809447540485	8.56567553014467	-0.376900878928312	9.11064371264069	-11.6086124249961	-0.244007167932913	-6.38797356829516	5.74683006325249	-7.35815854568004	3.76244502269395	-4.80270638082985	4.2614061893577	-5.17961510113858	5.43591619260247	-1.91293434354728	6.87775998946935
metab_feature_0034	-5.26661822133986	-6.03930125817582	-1.78611287173641	1.96400770798686	-2.51432267646914	-2.67210988291638	2.7017357883931	4.10396016307718	-0.392511966950956	2.88462580265966	3.58613123474889	4.92954127426004	-7.77101928159329	-2.16387493303935	-2.29707900128799	1.56648203172497	-3.76727297501207	-1.30891877574962	0.459551549284988	5.21958269672469	0.0847856187877489	-0.651079040502807	6.73449248684825	6.18293485504803
metab_feature_0035	-2.20412089622758	0.160350337117501	-2.33437004067239	0.228707690605219	-1.46404319957831	0.174797517164041	-0.544505451713388	-0.695975817531046	-0.91477903794485	1.9956367020767	-0.323462480762413	0.569206400447255	-1.43142135685744	-0.362773629359174	-2.28276537220805	0.168131237534106	-1.41834713554876	0.124844787057443	-0.918947421417309	0.824083230158051	-0.107834593400059	1.83309578077277	-0.427065221164439	1.8348898509861
metab_feature_0036	-0.853812534136758	-4.68323919467217	4.05437151724042	3.17659709541391	-1.71351947342608	-4.30188835589534	5.51215794445335	1.87003281564917	-0.318710537635601	-3.2026018124906	3.04271816322214	0.886446149318747	-0.299114201126899	-1.78412612258199	4.31253031980023	0.5206001557442	0.623919811252083	-3.88442808236493	4.99230804554215	2.35224993803525	0.861908206664972	-4.7079112268064	4.09484628885103	-0.398055534560406
metab_feature_0037	-0.631508209018675	1.64761820577588	-0.713370037936783	-1.20715761492597	-0.546518947126784	1.05683523261438	-1.95913367078816	-0.827962287274435	0.139697164915363	2.14433114170181	-0.641505715287153	0.574498331482315	-0.145478581920267	0.668957901577741	-1.22216006873552	0.695678821146768	0.117609785905342	1.06912464130017	-1.92030363238181	0.176280328649951	-1.59859068583858	1.39566602536368	-1.19853462680976	-0.0298876265494624
metab_feature_0038	-1.08853564365691	1.59647986900775	-1.56561106490888	1.75268101986158	-1.64010007830515	0.974246955276405	-3.00101204295704	1.40956807154759	-0.331755457788387	2.11041282280142	-0.528746372539829	2.00163790241437	-2.59171130890778	0.476931700171721	-1.81801164279108	0.876901188064324	-1.7828743393637	2.24262117888691	-1.80693938636774	-0.973813604605614	-1.51129732170553	2.63508726694196	-1.3104929560038	1.26064716913872
metab_feature_0039	-5.28650581922453	-4.59094094733976	-0.827114955533913	2.1398825571696	-2.22744312128468	-1.69907063683883	3.58055782263417	4.79993727351325	0.103576952218868	2.0526430382132	3.20132226386888	5.9360784047159	-8.44416212811779	-1.28936123190487	-1.03722573923721	2.0314813546341	-2.97918436943182	-2.30854697076623	1.27207040647946	3.34696172871755	-0.219647343852022	-0.612801304892792	4.6372625811316	4.98187017508047
metab_feature_0040	0.35498064420212	-1.47019543342628	-1.3600960607429	-1.81576550863604	0.159820385746257	-1.1472527474285	-0.431770271729851	-1.76604129989381	1.58388037908102	-0.193664908546994	1.12053428866496	-0.441356496296083	0.026611102307661	-1.35925228762212	-0.702363158284437	-2.24336858578833	-0.702906610962621	-0.262094944318403	-0.574569077218737	-1.48471896475723	1.36313245034356	2.27179076597801	1.12079910537204	0.461367881793937
metab_feature_0041	-1.73682272764655	2.71346648261447	-2.33861219888887	2.59599064295253	-3.77834053955283	1.56689980941304	-2.200186529848	3.34618001723668	-4.14279282808863	2.11036350144966	-2.02425718922296	4.76247050038595	-4.01029078846679	1.19469453015736	-2.64225708467864	3.63230242546797	-2.36312637620642	1.08749776449557	-2.36989647613091	2.51455576451251	-3.1110739762206	1.38700988846851	-1.20053564396187	3.14092746905499
metab_feature_0042	-4.49796716616981	-5.89172916047386	2.76703677588637	3.82188664466639	-3.96513268618467	-3.98414854479872	5.96350778930382	4.75568185587617	-2.27561711994087	-2.43733845165142	4.53395562461425	6.3069557514612	-6.78133503040236	-1.86129154139388	1.92774107462044	4.84678961849939	-4.8993286758075	-2.77295379728693	2.57657847948689	5.06406324238941	0.418588298628169	-1.6983219231446	4.33206592558679	5.88060306916114
metab_feature_0043	-2.50451108622646	-5.01428606288976	3.96528569812013	3.60744956033536	-2.86161754889848	-2.63572855167878	4.048230123217	2.54313023135865	-1.93136599072572	-1.70380189225168	3.53634851828507	3.20699672320365	-2.65244281742397	-1.46615965291126	2.59341455163652	2.62669989014357	-1.42712281479623	-1.27068972459618	0.947271095141892	1.50088917635935	-0.810883111096892	-3.55871666254117	3.58154199617303	1.86340260397163
metab_feature_0044	-1.98154514140179	-2.88089560294716	-0.315766644603215	1.17943184661427	-0.566786853035807	-0.273338321692227	1.06486185492545	0.574033539048538	-1.05800394093333	0.458255426442433	0.51101551476354	1.62166100162795	-2.05024987782211	-0.731991110674537	-0.297743766374735	0.888140872374547	-2.05996134121525	0.212878091347363	-0.0127773402182498	0.803568461491613	0.898192504670739	-0.454774238824821	0.891280375703629	1.0561152743698
metab_feature_0045	-3.67214886531068	-5.31153931514058	2.44035191278785	2.2066315804147	-3.36142573367958	-2.87420781746591	3.25846181039214	3.58154583076309	-0.796159192674596	-1.43618627995522	2.33288476145955	3.51729494189026	-3.74724431868253	-1.08951607054032	1.82569204596555	3.10796062502483	-1.50582417677894	-2.90683266501936	2.85377718898638	3.57016280107231	0.433673284422326	-2.86361136669354	3.25968456727149	2.02118598116859
metab_feature_0046	1.23051322216774	-2.83148253104558	1.57884198283821	0.870269177222226	-0.00725007519502693	-1.37207509448431	2.57401436928904	0.740764814250795	-0.472585236939855	-3.1441455817809	0.973046365828917	-0.397004259536703	0.960623869299261	-1.69301682506274	4.11657778924396	-1.39882736403897	0.905911391681691	-1.08924069715068	2.0619142590242	0.957755214035952	0.724502661926619	-2.46192190930514	3.01037474281458	0.608341541434431
metab_feature_0047	-2.05429810877138	-5.5690562416844	3.63451847206612	2.27461274210456	-1.87457420521264	-4.09382251837771	5.73144918130463	1.63404436014789	-1.10706593029129	-3.2866817308358	4.05935095930502	0.875014381281532	-1.26599841022264	-2.49873326271377	4.09789268101614	0.506819512620641	-0.0179353887030009	-2.197328056744	4.27582543057249	3.47780796039628	1.04121437574036	-5.37690692244357	4.32721151681874	0.297049743502682
metab_feature_0048	0.07370128650347	0.894019374170356	-0.814706479296066	-0.113403057253348	0.354538125490414	-0.810188942594938	1.27553553230427	1.60454479786083	-0.444905604990008	2.30900596293415	0.670327821929932	0.0733561373861026	-2.05908272945035	-0.0712078187172826	-1.48413851610703	1.03447014977461	0.662922380198304	0.292823255689423	-0.679113452283332	0.451126360002829	-0.844225907913834	-0.214613868031381	1.20908888687519	1.13187277615687
metab_feature_0049	0.364178116303014	0.138048565234568	2.76026130623662	0.150964829139637	0.901519408535161	-0.656733556855474	1.15095555114344	0.320117306976398	0.701106742422956	-1.69222907548891	1.49149646122943	-1.72644975952474	1.12527909804296	-0.577654352240524	0.34002144735328	-0.12468222712844	0.33098559496654	-0.190891211479031	-0.583417352025076	-1.03957553271086	1.40744779822159	1.17144269765224	-1.67399261400809	-0.0667521613813983
metab_feature_0050	-0.694674810279477	-0.489160246051202	-1.42590752844473	1.00592173066006	0.0683850379773619	1.15641453652987	-0.393231682823092	1.90071656687912	0.0919238792778008	1.05160080740623	0.0115951250886588	2.05373846277129	-1.34894062012318	-1.44366566915002	-0.852625680707099	-0.652802045726125	-0.521651338620622	-0.182281180715281	-2.31220569355871	1.27374140385369	0.716017173687911	1.03402816425063	0.245260751324462	0.57879575056125
metab_feature_0051	7.27214903504022	10.1352890797878	-4.67961170364496	-5.56253692897303	4.81724159733206	7.65828272716362	-8.75781794696496	-5.85923524723232	2.29395732234203	5.11071950632176	-7.12293269169925	-7.48738189285212	7.85409064271844	2.64523240533438	-4.73350776026689	-4.15950744403086	4.14794229503235	6.21090532404562	-6.26436170377081	-6.32985999810801	-0.200250112200694	6.29944154240418	-9.97958217137347	-6.08477191064297
metab_feature_0052	-1.86237470978178	-0.7934095337343	-1.67739458161589	-0.217839283704058	-0.489311855924574	0.65496441661835	-0.853589288890131	1.00447185804941	0.919334417286995	1.75070530077476	0.35987734906897	2.89057743249242	-3.30792885097049	1.59775730481836	-1.68704785537318	-0.743106354783678	-1.38006499763831	0.671261839846686	-1.2250548358153	0.0712447743072168	-0.315131517475912	1.39483827348517	0.367319208751583	1.58110508327766
metab_feature_0053	2.86791702052963	-0.243456854242512	2.74408627603439	0.0296514022681765	0.80991901279027	-2.42257436543662	2.92633204063014	-0.811203629019492	-0.193297521842901	-4.96279455991347	-0.573068363699239	-3.43899748665416	5.03644988594798	0.333439950341917	3.31393886207313	0.875710198344908	2.64189012772369	-1.35993120694592	2.72763931351539	-1.18152320189692	0.664425008550995	-3.41517182969314	-0.200536474679901	-2.19397797342077
metab_feature_0054	-1.28480117841126	-0.493782759380097	0.61915482581027	2.45941467170829	-1.85202809266195	0.77235009196697	-0.0244281379503059	1.34064487028619	-2.35859736437397	1.1232362141841	0.878761159115245	3.44065238248568	-3.16996007747043	-0.10121622871301	-0.0610024204231159	2.7127899459295	-3.3567498789229	0.991463859735334	-0.326495299807856	1.65067441035169	-1.07083720584908	-0.269119201557418	0.0799041080933611	1.99992409948818
metab_feature_0055	-0.365822950769179	-0.728009533889742	0.363857995409886	-1.29494087921009	1.45696979509363	-0.187374655130517	0.405024838081123	-2.28335704153996	1.89902245435991	0.357433884530955	1.20668879143054	-1.8015026262314	-0.295064469684351	-1.57726096039656	-0.5962397651138	-2.52863317151244	0.972566237210575	0.332575847728414	-0.458903912102864	-0.997296130444114	1.85777897018233	0.655631526511175	0.123920704843862	-1.00579753330019
metab_feature_0056	-3.62220484483409	-0.635478680443295	-0.971704610151045	2.89189338360286	-3.88754912554641	-1.23042028716993	1.1046011860679	2.21456597030256	-2.3413927750781	0.559183864920959	2.9884319531695	5.70377688234742	-5.30044900116998	-0.641837716073553	-0.31726269464648	2.65524574323553	-4.29915491478259	-0.737808220761467	0.0231202807640307	2.92509152501179	-0.51117350209035	-0.103595929792977	1.45615003169858	4.76819741513919
metab_feature_0057	-0.420328000557496	0.0400744139111584	0.560377063656825	2.5038086764296	-1.28435810056924	0.230235178041119	-0.677052035799768	1.19072584005632	-2.86030330381435	-0.727306028864706	-2.49866294046191	0.596854261542989	1.07703520411867	1.66825000390083	2.46082879352822	2.90298737412248	-1.28542048479303	0.882355439434428	-0.936408365122666	2.01288058044801	-1.47506914027239	-1.04831183178558	-1.91012545688892	-0.399120869790257
metab_feature_0058	-4.00810286000356	-0.129476631429619	-1.52354078727601	1.99537687381517	-4.39741057653963	0.0811772363683416	-0.573712146842758	4.28003407955902	-1.86421486867134	0.894759907604873	0.660062153096261	4.34797727582646	-6.18510765615575	0.766810160321428	-2.0627672382884	3.33007346354335	-3.45597691333377	1.04683224547047	0.317624335247747	2.05395702616224	-1.86525897796906	0.482398505142871	-0.393408723058755	2.91357252311913
metab_feature_0059	-0.850952756012174	-3.47612309803622	2.30822857358055	1.19875249276873	0.562851887412852	-2.69261640585905	3.16256493525376	0.878177252602551	-1.81967881758746	-1.6369791039727	1.97035687563355	-0.613327060114316	0.197801567689703	-0.0662144577108028	1.91380730589201	-0.797751950578691	-0.86607522008359	-2.24168432980614	2.47495439227074	0.686981969403209	0.43185239923814	-2.58033136106489	2.66123807104091	-0.198142232988371
metab_feature_0060	0.936000130242791	1.73045518905551	2.07809530750253	1.80483349127315	0.185513553578798	0.478655510480348	-1.47938827732914	-2.1232633433864	0.0252599126784095	-1.16142355141706	-2.02035086550644	-2.20417901484573	2.76750748498987	-0.105148691477881	1.67557679515051	-0.0397673732945064	1.14333774927117	1.14146305732189	-0.424743963492644	-2.09680724681235	0.813135543909295	-0.000703128562920735	-2.08410021703267	-3.05881381340495
metab_feature_0061	0.093325027575996	-0.416920595231343	1.09027583543966	0.919803867340235	-1.59214513121362	0.165830503676938	-0.34493391188699	0.905495220219494	-2.28985347622906	-1.74919255568175	-0.317851213747561	1.27584738373492	-0.941047683447666	-0.181529102514965	1.62481809483609	0.215392625643927	-1.76474337106403	0.687441134209875	0.593242090396773	0.756934599939955	0.237608656587362	0.131393279429696	-0.221176575226165	0.548241094816015
metab_feature_0062	-1.14157474710211	0.773140260576953	-3.67890345489805	-1.27713757247575	-1.18606864983136	1.738482992585	-0.927153617599787	-1.44476266968072	1.92477616016528	3.23249701825354	0.802252159362404	0.791104923347036	-3.47130202837071	-0.360017980631799	-4.20644631525253	-1.58676571908187	-0.520364224484711	0.0367270299370993	-2.12840340160908	-0.881165882859016	0.977256455376003	4.11704257379227	-0.163867862908829	0.814200423419529
metab_feature_0063	0.442350326838438	5.79875653974448	-2.32558936895583	-0.449271061576551	-2.31543861569976	5.42630132851749	-4.04940602953811	1.5477733149171	-1.2623976270826	1.80180579517632	-2.28029473291406	1.07690707026466	-0.408504527674789	1.5966826279492	-2.88099489031901	1.91301022090674	-2.37246843151374	2.24179710313251	-2.80913421977871	-0.379383915852168	-2.50915070826488	3.57291262436531	-4.38618944554871	1.18991075452881
metab_feature_0064	6.51490070919787	-0.745958735419258	7.33716329270969	-0.710831453662748	3.023267524061	-3.3359495864417	2.34507742686661	-3.11849545506502	-0.40989274274568	-6.58460269838103	0.44815892625052	-8.52456595050515	10.8621112070513	1.17653060336919	8.46472379983148	-2.10156611311061	4.89889455000811	-0.99566719437944	3.8889702934324	-4.64764413606096	1.58054478638094	-6.11909885107606	0.489563654911659	-6.56128272672752
metab_feature_0065	3.69734315995427	0.94741272468265	3.27287451558682	-0.289411679892399	1.45649212640583	-1.96358712173769	1.29496105286071	-0.494855613236248	-0.605062952569259	-6.26235227406921	-1.07632084147034	-4.80169637495962	6.76275194406793	1.55425863686412	5.03434818528278	-0.103565218226855	3.35139166434024	0.724067858636335	2.64281933983583	-1.78139319443709	1.16817892965187	-2.51989877959608	0.0989920415862307	-4.46990394909104
metab_feature_0066	-0.157368101903481	-3.031199115695	2.28835890401467	0.407460540275135	-0.224172542493326	-4.57908831068138	4.33000929600957	0.0156339435299067	-0.134303673044943	-3.68069478853168	2.36968416478186	0.191301289840838	0.228840743321999	-1.21520618277499	2.92450365704722	-1.03856195816924	0.162183226388482	-1.81042229765827	3.657917478029	0.431029653071628	1.36858481041417	-3.5564949438231	3.42360046922039	-0.77520748059345
metab_feature_0067	-1.94682614275968	3.53517319910413	-3.31638267037606	1.92328416069547	-1.04724064675349	2.48238936159198	-2.90178281935527	2.73646357510023	-1.90882249087779	3.15620255937744	-1.06517260189198	2.66153959068483	-4.28311774088495	1.34129622751014	-2.41083954863999	1.16232733718109	-2.81381757299122	0.898712663175443	-2.42428104511756	1.65984617043911	-1.16538924882581	1.79168564451357	-2.35436878426894	2.64009992235244
metab_feature_0068	-2.00059156222912	-0.225720047393208	-0.619548650198887	-0.695488931973707	-0.881049873472675	0.549476066251467	-0.717945914442879	-0.00858907061015723	1.65683176900147	1.67516450236486	0.0112704644020538	1.26239684634343	-1.3092083503732	0.338484245048555	-0.722741267401171	1.10518404210036	-1.93491090263689	0.465000771694449	0.762848696899629	-0.00965667572408435	-0.370045835654895	1.30863859180404	-0.494560380236716	0.827189537243043
metab_feature_0069	0.0722031633462542	1.78015135292364	-4.35250847374598	-3.21340238522896	2.54830129176934	2.57400736069214	-2.00252502904666	-4.33709620193076	2.18105654992237	3.44026461799696	-0.89086860625263	-0.924397883012973	-1.70451297103931	-0.81435200832154	-3.02461339959995	-3.08161153657781	0.718027354271073	-0.471019544377863	-2.12050919807842	-3.32124593795521	0.967078648580724	3.1247555774514	-0.152262735878845	0.653689136466575
metab_feature_0070	-0.939007752665279	3.17675101116592	-4.60557123016905	-2.34030022932309	0.843969721970229	5.34002894579368	-3.28448237518164	-1.60607689592102	1.37583645798479	5.66180231840573	-3.85246809758638	0.102312802893079	-0.947512968018012	1.20305782945799	-5.47712599337767	0.0398213222315689	-0.278880127277766	3.51433757093794	-4.44941490055643	-2.74996676734444	-0.367836338525912	5.13378536875968	-4.10802001798348	0.298888969001396
metab_feature_0071	0.855995291777414	-3.79100820570166	4.49740554237551	1.81909713101437	0.0991637630303926	-3.62637877591468	5.37280309639031	-1.18860064326056	-1.8214727834497	-4.6022996986107	2.85662721867287	-1.85794990322698	3.3730320232195	-0.643460636309191	5.46973187116673	-0.629190352384173	2.71480677754488	-2.88275451228204	4.15769621234526	1.0404843445653	1.31183413377404	-4.12003332873382	4.09356652515796	-1.90741894339559
metab_feature_0072	1.71680623260443	6.05984398695672	-1.00856123729834	-1.60684910198407	0.263111879341282	3.52876296197118	-5.31317987704284	-1.21817679487961	2.04493464499221	0.566615503764082	-4.32414508911475	-4.13073574148002	4.00291197750062	2.69637505247101	-2.35502578991522	-1.46521819850757	0.692931453226829	3.73896517254068	-2.43561028790246	-3.33709489026532	-2.3767651737975	3.47773696873027	-5.0030516159454	-4.24176315003388
metab_feature_0073	2.55225450004358	1.03731702933842	0.153346648800405	-2.36443760591773	2.21803320829801	1.52075683503962	-1.79764463965557	-3.22498780410828	0.867936480996436	0.387682754324336	1.5489022615103	-2.0092024225341	1.51717484833736	-1.4108441434599	-0.0695599909071473	-3.46455230314402	3.49923038141934	-0.215116595682351	-0.557680965648133	-1.14420056432277	0.331251837309487	0.631596731243543	0.761911386605223	-1.60571337495864
metab_feature_0074	4.48538108388436	-7.54203257095522	5.48873716813087	-1.31592923973472	3.46631164286229	-7.23939097095512	6.98760428853539	-3.53037913130938	2.19477036178253	-6.3674137790323	4.47933465877966	-5.96372267524317	4.41607923717197	-2.69276891613392	5.16822191085075	-5.06034835360971	4.75303828313708	-4.63860216623131	5.53198006078812	-1.78305010728442	4.6712680178439	-5.75280415033893	6.18522527463043	-3.89651164221916
metab_feature_0075	2.02422794351077	0.374296108453622	-1.18901174067005	-1.60693014855294	1.56866638583005	2.11435866189081	-2.19359342943225	-1.88150304133919	0.128646992088296	2.37166981633551	-1.22753216277998	-2.89296015585038	2.60679297379103	0.22484796861697	0.123438894536459	-1.10867390227391	0.614301577132342	0.581352567238064	-1.34020942199546	-1.71916099487762	0.18505639841482	1.22690052402839	-1.76888068367465	-1.19204132113034
metab_feature_0076	-2.67489589542093	-0.278567303498136	-2.34978907238316	0.654840363841483	-1.53832552250791	1.35785302966778	-2.14291466567868	1.11970377296949	-1.12544748251658	3.02967966449975	-0.062581697098886	4.52053305110039	-5.45268285467979	-0.536519004508623	-4.49211317807429	0.96436156978885	-2.01529435094535	1.8776044735844	-1.16148846145621	1.52011612457458	-2.26354077059119	1.84547028922678	-0.18113999046505	1.7350283046482
metab_feature_0077	-0.292954715586633	2.33656219927833	-1.68211348585078	2.03647759969292	-1.89103942519113	3.21026074785744	-2.18209118727387	1.37200264211631	-1.084020362705	0.722294380970404	-2.83881640294124	1.47353561801892	1.60361455598807	-0.270943662898414	-0.853134115119148	2.13985805704302	-0.495169214667719	0.744629112899079	-1.65643020297867	0.831680432378743	-0.982757685458729	0.308329685309252	-2.3202844963746	-1.10035346752472
metab_feature_0078	-1.52362010923066	-1.10235962344334	-4.00746720115904	-1.32603566241624	-0.145257578544562	0.987398874583465	-1.03489842133533	0.700731581726099	0.692454609930699	2.71418456265608	0.462882094544675	1.88140525135871	-2.70247539566223	0.509242071017191	-2.43964182271538	-0.757648078253184	-1.03624683339379	0.200602168174569	-1.40683396143814	0.537486375373995	0.624805384209195	2.17689092440904	-0.782113923677812	1.98749880770106
metab_feature_0079	-2.22138525430365	-2.42527418366704	4.17009162635895	4.96755143675513	-2.59049932687405	-3.74810104856564	5.34808426884597	3.99789373912116	-2.50713343664294	-5.90760181551669	1.31920545697107	2.03402069796335	1.08597581491637	0.175497692940352	6.3324041377356	5.65362988521572	-2.69387894868318	-2.83246929588882	6.02880291911416	3.44037480083596	-0.785120104136501	-5.17554668553685	1.59405998121854	-0.590316823039083
metab_feature_0080	0.566456880630417	3.86756493750933	-0.0902204938619546	0.487657253008596	0.430330393151472	0.87331254047461	-1.95890096047398	0.479477142340666	-1.03429212967535	-1.10639913716736	-2.79913000841739	-1.4439969680797	1.78586214361857	1.28763002090825	-1.13492281508134	0.136908884887129	0.787112685376102	1.84213862947901	-0.47754964946658	-0.227603777864325	-0.622351889428848	1.93196985236337	-2.94072022490591	-1.59436010433043
metab_feature_0081	-0.972623928683422	1.34746977885652	-3.22169408370974	0.108186706030625	-3.13363044901978	1.54293599646005	-3.0103674010312	1.73965100906333	-0.616311466756051	2.37513537963847	-1.80154255877022	3.55416057461331	-3.3428260004421	0.764628623318449	-3.34524518438422	1.95100491681948	-2.57649502333252	2.37471876924414	-3.49279796987089	0.339238727811654	-1.95518474708136	2.52875512395514	-2.82811159576563	1.96669713094981
metab_feature_0082	0.29460828272282	0.0178093976822642	-0.619073880229405	1.16900557628618	-0.756519031515339	-0.326004535135885	0.307044631221913	1.1015084703946	-0.576230174185199	0.0611033318887013	-0.0799562336407329	2.54528623648534	-1.77936686817747	-0.954223061355747	-0.848570904785473	2.19033621769576	-2.17194515703065	0.329832906015865	-1.26982886019282	0.95827667580078	-1.23767328689158	0.285113557037715	-1.3524610259495	1.78572684138645
metab_feature_0083	-1.7438229455702	-0.240417804626122	-2.34429950320112	0.634583843783119	-1.0847882095223	0.610126545033295	-0.275807054285797	-0.155328117148475	0.936127718441024	2.226683993607	0.637362558463151	0.21039441074237	-2.79112402423846	0.473232372428617	-1.73115115756473	-0.983838949299786	-1.33079616684431	-0.93956969081664	-0.96350757592949	0.506586930359403	-0.0918477120153693	1.25122468398829	-0.446276506032178	2.40418984658828
metab_feature_0084	0.652068321706812	1.59866238870786	0.686408263864255	2.08605066865218	-1.42293914916926	0.901411121709333	0.763906202149675	1.4649580376491	-1.89877193395599	-1.48782828693022	-1.0055977606156	-0.448214178022259	1.277598424388	0.351812854016907	1.8953801944988	2.08405890508457	-1.74440931598187	1.13719360535001	1.62133776371934	1.79920007898844	-0.883476678779709	-0.465260252783414	-2.05851479399957	0.419170464169987
metab_feature_0085	1.0137461529391	0.764222115172762	0.891810991314643	0.016389978211693	-0.627445965289702	-0.405411670934736	0.717775188084148	0.0890101628393564	0.620215920783433	0.0182634140085524	-0.548699187629733	-1.368047063814	0.603303541043925	-0.554361711863382	0.784800322912784	0.908209464953524	0.603508836030891	0.328735757887609	0.682906421067849	-0.534045224524893	0.935570049316406	-1.05834960801604	-1.98453063380178	-0.15913355173589
metab_feature_0086	0.201684700794045	1.01177473838997	0.8560562714669	-0.259781666669708	1.21676009707926	0.606303396844332	-0.26969799284435	-1.05875638328844	-0.211677766617595	-1.32863847745673	-1.60767948452669	-1.74754020367255	3.29712913839249	1.36171678159066	0.824221001937344	0.0128700651860537	2.69124644827094	0.747101630208322	0.711418821191892	-0.690639964534217	1.10495474290518	0.00741382541852875	-2.60787049675743	-1.42379353798322
metab_feature_0087	0.151756251562806	2.64398605305312	-1.85121871672809	-1.6612855522442	0.23942303383373	2.06770409376192	-2.53702064994976	-0.267237179626944	-1.29618027266386	0.65747339454751	-3.55617925092152	0.307209081874194	1.21992923284065	1.60980011633361	-1.45175993924296	-0.136149578435423	0.595988528078052	1.70978549697403	-1.73475353787034	-0.587068772954071	-0.65851597577324	1.88317144666193	-3.35016084140005	-2.3413016607761
metab_feature_0088	-1.44402580935576	-1.95561121826142	1.35103312707482	1.05590460569768	-0.476093534628315	-2.58662524650571	3.36456832235121	-1.02345887806918	-0.525169067931116	-1.14633345701242	1.52701769080133	0.399570772758141	-1.5306424170157	-1.9770160326507	3.38646691324401	-1.24107031549647	0.358462555031543	-1.33951469220324	0.567732040616246	-0.536661066838495	1.0572504152349	-1.99832438908378	2.50733296148718	1.30184666399379
metab_feature_0089	-1.48803649072663	-0.286613065945514	0.837109103752974	0.768312265289105	-1.62715719208347	0.478773070655725	-0.0911339673719938	3.85413845169247	-0.865766185645424	0.446390360792074	-0.27023190667078	1.34942757535546	-2.88737592157697	-0.391719135875588	-0.0978803421421168	1.77103401686192	-2.06457418501702	-0.340343404586803	-0.304513448364886	2.26613818684877	-2.4854355270125	-1.86976919884479	-0.881625007663606	2.96630065486256
metab_feature_0090	-0.863786923130332	-4.64126483667059	3.53199904781236	2.81254594896449	-0.456698787235365	-4.87330822533101	5.26436306533942	0.370206595554778	-0.0852172672079953	-3.48291315401739	3.25846814154712	2.24171701383203	-0.33210805569005	-1.95636684290302	4.62310806206303	0.180703153618576	0.645652461423677	-2.3184426823204	3.55008692112101	1.30401534284853	-0.0203510418563053	-4.53869996428606	3.28161008638359	1.32923944956801
