abbreviation	lipidmaps_category	chebi_id	chebi_name	pathway_id	pathway_name	msigdb_name	n_compounds	n_pathway_compounds	n_descendants	specificity
AHexCer	SP	CHEBI:23079	cerebroside	R-MMU-198933	Immunoregulatory interactions between a Lymphoid and a non-Lymphoid cell	REACTOME_IMMUNOREGULATORY_INTERACTIONS_BETWEEN_A_LYMPHOID_AND_A_NON_LYMPHOID_CELL	1	11	253	0.0909
AHexCer	SP	CHEBI:23079	cerebroside	R-MMU-9840310	Glycosphingolipid catabolism	REACTOME_GLYCOSPHINGOLIPID_CATABOLISM	2	38	253	0.0526
AHexCer	SP	CHEBI:23079	cerebroside	R-MMU-9840309	Glycosphingolipid biosynthesis	REACTOME_GLYCOSPHINGOLIPID_BIOSYNTHESIS	2	53	253	0.0377
AHexCer	SP	CHEBI:23079	cerebroside	R-MMU-1660662	Glycosphingolipid metabolism	REACTOME_GLYCOSPHINGOLIPID_METABOLISM	2	79	253	0.0253
AHexCer	SP	CHEBI:23079	cerebroside	R-MMU-428157	Sphingolipid metabolism	REACTOME_SPHINGOLIPID_METABOLISM	2	117	253	0.0171
CAR	FA	CHEBI:17387	O-acylcarnitine	R-MMU-200425	Carnitine shuttle	REACTOME_CARNITINE_SHUTTLE	3	18	387	0.1667
CAR	FA	CHEBI:17387	O-acylcarnitine	R-MMU-390918	Peroxisomal lipid metabolism	REACTOME_PEROXISOMAL_LIPID_METABOLISM	3	62	387	0.0484
CAR	FA	CHEBI:17387	O-acylcarnitine	R-MMU-70895	Branched-chain amino acid catabolism	REACTOME_BRANCHED_CHAIN_AMINO_ACID_CATABOLISM	1	42	387	0.0238
CAR	FA	CHEBI:17387	O-acylcarnitine	R-MMU-8978868	Fatty acid metabolism	REACTOME_FATTY_ACID_METABOLISM	5	256	387	0.0195
CAR	FA	CHEBI:17387	O-acylcarnitine	R-MMU-71291	Metabolism of amino acids and derivatives	REACTOME_METABOLISM_OF_AMINO_ACIDS_AND_DERIVATIVES	1	254	387	0.0039
CE	ST	CHEBI:17002	cholesteryl ester	R-MMU-8963888	Chylomicron assembly	REACTOME_CHYLOMICRON_ASSEMBLY	1	4	88	0.25
CE	ST	CHEBI:17002	cholesteryl ester	R-MMU-432142	Platelet sensitization by LDL	REACTOME_PLATELET_SENSITIZATION_BY_LDL	1	6	88	0.1667
CE	ST	CHEBI:17002	cholesteryl ester	R-MMU-8963901	Chylomicron remodeling	REACTOME_CHYLOMICRON_REMODELING	1	7	88	0.1429
CE	ST	CHEBI:17002	cholesteryl ester	R-MMU-8964038	LDL clearance	REACTOME_LDL_CLEARANCE	1	9	88	0.1111
CE	ST	CHEBI:17002	cholesteryl ester	R-MMU-8964043	Plasma lipoprotein clearance	REACTOME_PLASMA_LIPOPROTEIN_CLEARANCE	1	9	88	0.1111
CE	ST	CHEBI:17002	cholesteryl ester	R-MMU-8856825	Cargo recognition for clathrin-mediated endocytosis	REACTOME_CARGO_RECOGNITION_FOR_CLATHRIN_MEDIATED_ENDOCYTOSIS	1	11	88	0.0909
CE	ST	CHEBI:17002	cholesteryl ester	R-MMU-9707616	Heme signaling	REACTOME_HEME_SIGNALING	1	11	88	0.0909
CE	ST	CHEBI:17002	cholesteryl ester	R-MMU-202733	Cell surface interactions at the vascular wall	REACTOME_CELL_SURFACE_INTERACTIONS_AT_THE_VASCULAR_WALL	1	12	88	0.0833
CE	ST	CHEBI:17002	cholesteryl ester	R-MMU-8963898	Plasma lipoprotein assembly	REACTOME_PLASMA_LIPOPROTEIN_ASSEMBLY	1	12	88	0.0833
CE	ST	CHEBI:17002	cholesteryl ester	R-MMU-8963899	Plasma lipoprotein remodeling	REACTOME_PLASMA_LIPOPROTEIN_REMODELING	1	16	88	0.0625
CE	ST	CHEBI:17002	cholesteryl ester	R-MMU-8856828	Clathrin-mediated endocytosis	REACTOME_CLATHRIN_MEDIATED_ENDOCYTOSIS	1	17	88	0.0588
CE	ST	CHEBI:17002	cholesteryl ester	R-MMU-5686938	Regulation of TLR by endogenous ligand	REACTOME_REGULATION_OF_TLR_BY_ENDOGENOUS_LIGAND	1	19	88	0.0526
CE	ST	CHEBI:17002	cholesteryl ester	R-MMU-174824	Plasma lipoprotein assembly, remodeling, and clearance	REACTOME_PLASMA_LIPOPROTEIN_ASSEMBLY_REMODELING_AND_CLEARANCE	1	21	88	0.0476
CE	ST	CHEBI:17002	cholesteryl ester	R-MMU-418346	Platelet homeostasis	REACTOME_PLATELET_HOMEOSTASIS	1	31	88	0.0323
CE	ST	CHEBI:17002	cholesteryl ester	R-MMU-168898	Toll-like Receptor Cascades	REACTOME_TOLL_LIKE_RECEPTOR_CASCADES	1	33	88	0.0303
CE	ST	CHEBI:17002	cholesteryl ester	R-MMU-2173782	Binding and Uptake of Ligands by Scavenger Receptors	REACTOME_BINDING_AND_UPTAKE_OF_LIGANDS_BY_SCAVENGER_RECEPTORS	1	36	88	0.0278
CE	ST	CHEBI:17002	cholesteryl ester	R-MMU-6806667	Metabolism of fat-soluble vitamins	REACTOME_METABOLISM_OF_FAT_SOLUBLE_VITAMINS	1	38	88	0.0263
CE	ST	CHEBI:17002	cholesteryl ester	R-MMU-8935690	Digestion	REACTOME_DIGESTION	1	44	88	0.0227
CE	ST	CHEBI:17002	cholesteryl ester	R-MMU-8963743	Digestion and absorption	REACTOME_DIGESTION_AND_ABSORPTION	1	46	88	0.0217
CE	ST	CHEBI:17002	cholesteryl ester	R-MMU-2187338	Visual phototransduction	REACTOME_VISUAL_PHOTOTRANSDUCTION	1	53	88	0.0189
CE	ST	CHEBI:17002	cholesteryl ester	R-MMU-196854	Metabolism of vitamins and cofactors	REACTOME_METABOLISM_OF_VITAMINS_AND_COFACTORS	1	183	88	0.0055
CE	ST	CHEBI:17002	cholesteryl ester	R-MMU-9709957	Sensory Perception	REACTOME_SENSORY_PERCEPTION	1	195	88	0.0051
CE	ST	CHEBI:17002	cholesteryl ester	R-MMU-211945	Phase I - Functionalization of compounds	REACTOME_PHASE_I_FUNCTIONALIZATION_OF_COMPOUNDS	1	217	88	0.0046
CE	ST	CHEBI:17002	cholesteryl ester	R-MMU-211859	Biological oxidations	REACTOME_BIOLOGICAL_OXIDATIONS	1	347	88	0.0029
Cer	SP	CHEBI:17761	ceramide	R-MMU-9840309	Glycosphingolipid biosynthesis	REACTOME_GLYCOSPHINGOLIPID_BIOSYNTHESIS	15	53	1748	0.283
Cer	SP	CHEBI:17761	ceramide	R-MMU-198933	Immunoregulatory interactions between a Lymphoid and a non-Lymphoid cell	REACTOME_IMMUNOREGULATORY_INTERACTIONS_BETWEEN_A_LYMPHOID_AND_A_NON_LYMPHOID_CELL	3	11	1748	0.2727
Cer	SP	CHEBI:17761	ceramide	R-MMU-1660662	Glycosphingolipid metabolism	REACTOME_GLYCOSPHINGOLIPID_METABOLISM	17	79	1748	0.2152
Cer	SP	CHEBI:17761	ceramide	R-MMU-9840310	Glycosphingolipid catabolism	REACTOME_GLYCOSPHINGOLIPID_CATABOLISM	7	38	1748	0.1842
Cer	SP	CHEBI:17761	ceramide	R-MMU-428157	Sphingolipid metabolism	REACTOME_SPHINGOLIPID_METABOLISM	21	117	1748	0.1795
Cer	SP	CHEBI:17761	ceramide	R-MMU-1660661	Sphingolipid de novo biosynthesis	REACTOME_SPHINGOLIPID_DE_NOVO_BIOSYNTHESIS	4	35	1748	0.1143
Cer	SP	CHEBI:17761	ceramide	R-MMU-6809371	Formation of the cornified envelope	REACTOME_FORMATION_OF_THE_CORNIFIED_ENVELOPE	1	9	1748	0.1111
Cer	SP	CHEBI:17761	ceramide	R-MMU-6805567	Keratinization	REACTOME_KERATINIZATION	1	9	1748	0.1111
Cer	SP	CHEBI:17761	ceramide	R-MMU-9845614	Sphingolipid catabolism	REACTOME_SPHINGOLIPID_CATABOLISM	2	20	1748	0.1
CL	GP	CHEBI:28494	cardiolipin	R-MMU-111471	Apoptotic factor-mediated response	REACTOME_APOPTOTIC_FACTOR_MEDIATED_RESPONSE	1	3	50	0.3333
CL	GP	CHEBI:28494	cardiolipin	R-MMU-5620971	Pyroptosis	REACTOME_PYROPTOSIS	1	7	50	0.1429
CL	GP	CHEBI:28494	cardiolipin	R-MMU-9864848	Complex IV assembly	REACTOME_COMPLEX_IV_ASSEMBLY	1	9	50	0.1111
CL	GP	CHEBI:28494	cardiolipin	R-MMU-109606	Intrinsic Pathway for Apoptosis	REACTOME_INTRINSIC_PATHWAY_FOR_APOPTOSIS	1	9	50	0.1111
CL	GP	CHEBI:28494	cardiolipin	R-MMU-109581	Apoptosis	REACTOME_APOPTOSIS	1	13	50	0.0769
CL	GP	CHEBI:28494	cardiolipin	R-MMU-5218859	Regulated Necrosis	REACTOME_REGULATED_NECROSIS	1	17	50	0.0588
CL	GP	CHEBI:28494	cardiolipin	R-MMU-1483166	Synthesis of PA	REACTOME_SYNTHESIS_OF_PA	1	26	50	0.0385
CL	GP	CHEBI:28494	cardiolipin	R-MMU-5357801	Programmed Cell Death	REACTOME_PROGRAMMED_CELL_DEATH	1	27	50	0.037
CL	GP	CHEBI:28494	cardiolipin	R-MMU-9707564	Cytoprotection by HMOX1	REACTOME_CYTOPROTECTION_BY_HMOX1	1	29	50	0.0345
CL	GP	CHEBI:28494	cardiolipin	R-MMU-5628897	TP53 Regulates Metabolic Genes	REACTOME_TP53_REGULATES_METABOLIC_GENES	1	31	50	0.0323
CL	GP	CHEBI:28494	cardiolipin	R-MMU-611105	Respiratory electron transport	REACTOME_RESPIRATORY_ELECTRON_TRANSPORT	1	33	50	0.0303
CL	GP	CHEBI:28494	cardiolipin	R-MMU-3700989	Transcriptional Regulation by TP53	REACTOME_TRANSCRIPTIONAL_REGULATION_BY_TP53	1	41	50	0.0244
CL	GP	CHEBI:28494	cardiolipin	R-MMU-9711123	Cellular response to chemical stress	REACTOME_CELLULAR_RESPONSE_TO_CHEMICAL_STRESS	1	48	50	0.0208
CL	GP	CHEBI:28494	cardiolipin	R-MMU-1483206	Glycerophospholipid biosynthesis	REACTOME_GLYCEROPHOSPHOLIPID_BIOSYNTHESIS	1	88	50	0.0114
CL	GP	CHEBI:28494	cardiolipin	R-MMU-1428517	Aerobic respiration and respiratory electron transport	REACTOME_AEROBIC_RESPIRATION_AND_RESPIRATORY_ELECTRON_TRANSPORT	1	93	50	0.0108
CL	GP	CHEBI:28494	cardiolipin	R-MMU-1483257	Phospholipid metabolism	REACTOME_PHOSPHOLIPID_METABOLISM	1	98	50	0.0102
CoQ	PR	CHEBI:16389	ubiquinones	R-MMU-611105	Respiratory electron transport	REACTOME_RESPIRATORY_ELECTRON_TRANSPORT	1	33	33	0.0303
CoQ	PR	CHEBI:16389	ubiquinones	R-MMU-8956320	Nucleotide biosynthesis	REACTOME_NUCLEOTIDE_BIOSYNTHESIS	1	55	33	0.0182
CoQ	PR	CHEBI:16389	ubiquinones	R-MMU-1428517	Aerobic respiration and respiratory electron transport	REACTOME_AEROBIC_RESPIRATION_AND_RESPIRATORY_ELECTRON_TRANSPORT	1	93	33	0.0108
CoQ	PR	CHEBI:16389	ubiquinones	R-MMU-15869	Metabolism of nucleotides	REACTOME_METABOLISM_OF_NUCLEOTIDES	1	159	33	0.0063
DG	GL	CHEBI:17815	1,2-diacyl-sn-glycerol	R-MMU-3000170	Syndecan interactions	REACTOME_SYNDECAN_INTERACTIONS	1	2	118	0.5
DG	GL	CHEBI:17815	1,2-diacyl-sn-glycerol	R-MMU-3000171	Non-integrin membrane-ECM interactions	REACTOME_NON_INTEGRIN_MEMBRANE_ECM_INTERACTIONS	1	3	118	0.3333
DG	GL	CHEBI:17815	1,2-diacyl-sn-glycerol	R-MMU-1169091	Activation of NF-kappaB in B cells	REACTOME_ACTIVATION_OF_NF_KAPPAB_IN_B_CELLS	1	5	118	0.2
DG	GL	CHEBI:17815	1,2-diacyl-sn-glycerol	R-MMU-881907	Gastrin-CREB signalling pathway via PKC and MAPK	REACTOME_GASTRIN_CREB_SIGNALLING_PATHWAY_VIA_PKC_AND_MAPK	1	5	118	0.2
DG	GL	CHEBI:17815	1,2-diacyl-sn-glycerol	R-MMU-5099900	WNT5A-dependent internalization of FZD4	REACTOME_WNT5A_DEPENDENT_INTERNALIZATION_OF_FZD4	1	5	118	0.2
DG	GL	CHEBI:17815	1,2-diacyl-sn-glycerol	R-MMU-139853	Elevation of cytosolic Ca2+ levels	REACTOME_ELEVATION_OF_CYTOSOLIC_CA2_LEVELS	1	6	118	0.1667
DG	GL	CHEBI:17815	1,2-diacyl-sn-glycerol	R-MMU-1250196	SHC1 events in ERBB2 signaling	REACTOME_SHC1_EVENTS_IN_ERBB2_SIGNALING	1	6	118	0.1667
DG	GL	CHEBI:17815	1,2-diacyl-sn-glycerol	R-MMU-399719	Trafficking of AMPA receptors	REACTOME_TRAFFICKING_OF_AMPA_RECEPTORS	1	6	118	0.1667
DG	GL	CHEBI:17815	1,2-diacyl-sn-glycerol	R-MMU-416993	Trafficking of GluR2-containing AMPA receptors	REACTOME_TRAFFICKING_OF_GLUR2_CONTAINING_AMPA_RECEPTORS	1	6	118	0.1667
DG	GL	CHEBI:17815	1,2-diacyl-sn-glycerol	R-MMU-4419969	Depolymerization of the Nuclear Lamina	REACTOME_DEPOLYMERIZATION_OF_THE_NUCLEAR_LAMINA	1	7	118	0.1429
DG	GL	CHEBI:17815	1,2-diacyl-sn-glycerol	R-MMU-397795	G-protein beta:gamma signalling	REACTOME_G_PROTEIN_BETA_GAMMA_SIGNALLING	1	7	118	0.1429
DG	GL	CHEBI:17815	1,2-diacyl-sn-glycerol	R-MMU-419408	Lysosphingolipid and LPA receptors	REACTOME_LYSOSPHINGOLIPID_AND_LPA_RECEPTORS	1	7	118	0.1429
DG	GL	CHEBI:17815	1,2-diacyl-sn-glycerol	R-MMU-4086400	PCP/CE pathway	REACTOME_PCP_CE_PATHWAY	1	7	118	0.1429
DG	GL	CHEBI:17815	1,2-diacyl-sn-glycerol	R-MMU-418360	Platelet calcium homeostasis	REACTOME_PLATELET_CALCIUM_HOMEOSTASIS	1	7	118	0.1429
DG	GL	CHEBI:17815	1,2-diacyl-sn-glycerol	R-MMU-114604	GPVI-mediated activation cascade	REACTOME_GPVI_MEDIATED_ACTIVATION_CASCADE	1	8	118	0.125
DG	GL	CHEBI:17815	1,2-diacyl-sn-glycerol	R-MMU-2980766	Nuclear Envelope Breakdown	REACTOME_NUCLEAR_ENVELOPE_BREAKDOWN	1	8	118	0.125
DG	GL	CHEBI:17815	1,2-diacyl-sn-glycerol	R-MMU-392517	Rap1 signalling	REACTOME_RAP1_SIGNALLING	1	8	118	0.125
DG	GL	CHEBI:17815	1,2-diacyl-sn-glycerol	R-MMU-68875	Mitotic Prophase	REACTOME_MITOTIC_PROPHASE	1	9	118	0.1111
DG	GL	CHEBI:17815	1,2-diacyl-sn-glycerol	R-MMU-163560	Triglyceride catabolism	REACTOME_TRIGLYCERIDE_CATABOLISM	1	9	118	0.1111
DG	GL	CHEBI:17815	1,2-diacyl-sn-glycerol	R-MMU-983695	Antigen activates B Cell Receptor (BCR) leading to generation of second messengers	REACTOME_ANTIGEN_ACTIVATES_B_CELL_RECEPTOR_BCR_LEADING_TO_GENERATION_OF_SECOND_MESSENGERS	1	11	118	0.0909
DG	GL	CHEBI:17815	1,2-diacyl-sn-glycerol	R-MMU-354192	Integrin signaling	REACTOME_INTEGRIN_SIGNALING	1	11	118	0.0909
DG	GL	CHEBI:17815	1,2-diacyl-sn-glycerol	R-MMU-114508	Effects of PIP2 hydrolysis	REACTOME_EFFECTS_OF_PIP2_HYDROLYSIS	1	13	118	0.0769
DG	GL	CHEBI:17815	1,2-diacyl-sn-glycerol	R-MMU-4086398	Ca2+ pathway	REACTOME_CA2_PATHWAY	1	14	118	0.0714
DG	GL	CHEBI:17815	1,2-diacyl-sn-glycerol	R-MMU-2029485	Role of phospholipids in phagocytosis	REACTOME_ROLE_OF_PHOSPHOLIPIDS_IN_PHAGOCYTOSIS	1	14	118	0.0714
DG	GL	CHEBI:17815	1,2-diacyl-sn-glycerol	R-MMU-1855204	Synthesis of IP3 and IP4 in the cytosol	REACTOME_SYNTHESIS_OF_IP3_AND_IP4_IN_THE_CYTOSOL	1	14	118	0.0714
DG	GL	CHEBI:17815	1,2-diacyl-sn-glycerol	R-MMU-3858494	Beta-catenin independent WNT signaling	REACTOME_BETA_CATENIN_INDEPENDENT_WNT_SIGNALING	1	16	118	0.0625
DG	GL	CHEBI:17815	1,2-diacyl-sn-glycerol	R-MMU-68886	M Phase	REACTOME_M_PHASE	1	16	118	0.0625
DG	GL	CHEBI:17815	1,2-diacyl-sn-glycerol	R-MMU-2029480	Fcgamma receptor (FCGR) dependent phagocytosis	REACTOME_FCGAMMA_RECEPTOR_FCGR_DEPENDENT_PHAGOCYTOSIS	1	17	118	0.0588
DG	GL	CHEBI:17815	1,2-diacyl-sn-glycerol	R-MMU-1483213	Synthesis of PE	REACTOME_SYNTHESIS_OF_PE	1	17	118	0.0588
DG	GL	CHEBI:17815	1,2-diacyl-sn-glycerol	R-MMU-400451	Free fatty acids regulate insulin secretion	REACTOME_FREE_FATTY_ACIDS_REGULATE_INSULIN_SECRETION	1	19	118	0.0526
DG	GL	CHEBI:17815	1,2-diacyl-sn-glycerol	R-MMU-195721	Signaling by WNT	REACTOME_SIGNALING_BY_WNT	1	19	118	0.0526
DG	GL	CHEBI:17815	1,2-diacyl-sn-glycerol	R-MMU-75109	Triglyceride biosynthesis	REACTOME_TRIGLYCERIDE_BIOSYNTHESIS	1	19	118	0.0526
DG	GL	CHEBI:17815	1,2-diacyl-sn-glycerol	R-MMU-9006925	Intracellular signaling by second messengers	REACTOME_INTRACELLULAR_SIGNALING_BY_SECOND_MESSENGERS	1	22	118	0.0455
DG	GL	CHEBI:17815	1,2-diacyl-sn-glycerol	R-MMU-1227986	Signaling by ERBB2	REACTOME_SIGNALING_BY_ERBB2	1	22	118	0.0455
DG	GL	CHEBI:17815	1,2-diacyl-sn-glycerol	R-MMU-163125	Post-translational modification: synthesis of GPI-anchored proteins	REACTOME_POST_TRANSLATIONAL_MODIFICATION_SYNTHESIS_OF_GPI_ANCHORED_PROTEINS	1	23	118	0.0435
DG	GL	CHEBI:17815	1,2-diacyl-sn-glycerol	R-MMU-8979227	Triglyceride metabolism	REACTOME_TRIGLYCERIDE_METABOLISM	1	24	118	0.0417
DG	GL	CHEBI:17815	1,2-diacyl-sn-glycerol	R-MMU-1483191	Synthesis of PC	REACTOME_SYNTHESIS_OF_PC	1	26	118	0.0385
DG	GL	CHEBI:17815	1,2-diacyl-sn-glycerol	R-MMU-1474244	Extracellular matrix organization	REACTOME_EXTRACELLULAR_MATRIX_ORGANIZATION	1	30	118	0.0333
DG	GL	CHEBI:17815	1,2-diacyl-sn-glycerol	R-MMU-112314	Neurotransmitter receptors and postsynaptic signal transmission	REACTOME_NEUROTRANSMITTER_RECEPTORS_AND_POSTSYNAPTIC_SIGNAL_TRANSMISSION	1	30	118	0.0333
DG	GL	CHEBI:17815	1,2-diacyl-sn-glycerol	R-MMU-418346	Platelet homeostasis	REACTOME_PLATELET_HOMEOSTASIS	1	31	118	0.0323
DG	GL	CHEBI:17815	1,2-diacyl-sn-glycerol	R-MMU-1660661	Sphingolipid de novo biosynthesis	REACTOME_SPHINGOLIPID_DE_NOVO_BIOSYNTHESIS	1	35	118	0.0286
DG	GL	CHEBI:17815	1,2-diacyl-sn-glycerol	R-MMU-76002	Platelet activation, signaling and aggregation	REACTOME_PLATELET_ACTIVATION_SIGNALING_AND_AGGREGATION	1	36	118	0.0278
DG	GL	CHEBI:17815	1,2-diacyl-sn-glycerol	R-MMU-1483249	Inositol phosphate metabolism	REACTOME_INOSITOL_PHOSPHATE_METABOLISM	1	43	118	0.0233
DG	GL	CHEBI:17815	1,2-diacyl-sn-glycerol	R-MMU-422356	Regulation of insulin secretion	REACTOME_REGULATION_OF_INSULIN_SECRETION	1	44	118	0.0227
DG	GL	CHEBI:17815	1,2-diacyl-sn-glycerol	R-MMU-5683057	MAPK family signaling cascades	REACTOME_MAPK_FAMILY_SIGNALING_CASCADES	1	49	118	0.0204
DG	GL	CHEBI:17815	1,2-diacyl-sn-glycerol	R-MMU-163685	Integration of energy metabolism	REACTOME_INTEGRATION_OF_ENERGY_METABOLISM	1	51	118	0.0196
DG	GL	CHEBI:17815	1,2-diacyl-sn-glycerol	R-MMU-416476	G alpha (q) signalling events	REACTOME_G_ALPHA_Q_SIGNALLING_EVENTS	1	64	118	0.0156
DG	GL	CHEBI:17815	1,2-diacyl-sn-glycerol	R-MMU-1483206	Glycerophospholipid biosynthesis	REACTOME_GLYCEROPHOSPHOLIPID_BIOSYNTHESIS	1	88	118	0.0114
DG	GL	CHEBI:17815	1,2-diacyl-sn-glycerol	R-MMU-9006934	Signaling by Receptor Tyrosine Kinases	REACTOME_SIGNALING_BY_RECEPTOR_TYROSINE_KINASES	1	90	118	0.0111
DG	GL	CHEBI:17815	1,2-diacyl-sn-glycerol	R-MMU-1483257	Phospholipid metabolism	REACTOME_PHOSPHOLIPID_METABOLISM	1	98	118	0.0102
DG	GL	CHEBI:17815	1,2-diacyl-sn-glycerol	R-MMU-428157	Sphingolipid metabolism	REACTOME_SPHINGOLIPID_METABOLISM	1	117	118	0.0085
DG	GL	CHEBI:17815	1,2-diacyl-sn-glycerol	R-MMU-112315	Transmission across Chemical Synapses	REACTOME_TRANSMISSION_ACROSS_CHEMICAL_SYNAPSES	1	124	118	0.0081
DG	GL	CHEBI:17815	1,2-diacyl-sn-glycerol	R-MMU-112316	Neuronal System	REACTOME_NEURONAL_SYSTEM	1	126	118	0.0079
DG	GL	CHEBI:17815	1,2-diacyl-sn-glycerol	R-MMU-500792	GPCR ligand binding	REACTOME_GPCR_LIGAND_BINDING	1	344	118	0.0029
FA	FA	CHEBI:35366	fatty acid	R-MMU-422085	Synthesis, secretion, and deacylation of Ghrelin	REACTOME_SYNTHESIS_SECRETION_AND_DEACYLATION_OF_GHRELIN	2	5	3899	0.4
FA	FA	CHEBI:35366	fatty acid	R-MMU-400508	Incretin synthesis, secretion, and inactivation	REACTOME_INCRETIN_SYNTHESIS_SECRETION_AND_INACTIVATION	8	32	3899	0.25
FA	FA	CHEBI:35366	fatty acid	R-MMU-9917777	Epigenetic regulation by WDR5-containing histone modifying complexes	REACTOME_EPIGENETIC_REGULATION_BY_WDR5_CONTAINING_HISTONE_MODIFYING_COMPLEXES	2	8	3899	0.25
FA	FA	CHEBI:35366	fatty acid	R-MMU-9818564	Epigenetic regulation of gene expression by MLL3 and MLL4 complexes	REACTOME_EPIGENETIC_REGULATION_OF_GENE_EXPRESSION_BY_MLL3_AND_MLL4_COMPLEXES	2	8	3899	0.25
FA	FA	CHEBI:35366	fatty acid	R-MMU-400206	Regulation of lipid metabolism by PPARalpha	REACTOME_REGULATION_OF_LIPID_METABOLISM_BY_PPARALPHA	2	12	3899	0.1667
FA	FA	CHEBI:35366	fatty acid	R-MMU-8963889	Assembly of active LPL and LIPC lipase complexes	REACTOME_ASSEMBLY_OF_ACTIVE_LPL_AND_LIPC_LIPASE_COMPLEXES	1	6	3899	0.1667
FA	FA	CHEBI:35366	fatty acid	R-MMU-416476	G alpha (q) signalling events	REACTOME_G_ALPHA_Q_SIGNALLING_EVENTS	10	64	3899	0.1562
FA	FA	CHEBI:35366	fatty acid	R-MMU-8963901	Chylomicron remodeling	REACTOME_CHYLOMICRON_REMODELING	1	7	3899	0.1429
FA	FA	CHEBI:35366	fatty acid	R-MMU-75205	Dissolution of Fibrin Clot	REACTOME_DISSOLUTION_OF_FIBRIN_CLOT	1	7	3899	0.1429
FA	FA	CHEBI:35366	fatty acid	R-MMU-3214815	HDACs deacetylate histones	REACTOME_HDACS_DEACETYLATE_HISTONES	1	7	3899	0.1429
FA	FA	CHEBI:35366	fatty acid	R-MMU-211979	Eicosanoids	REACTOME_EICOSANOIDS	2	15	3899	0.1333
FA	FA	CHEBI:35366	fatty acid	R-MMU-212165	Epigenetic regulation of gene expression	REACTOME_EPIGENETIC_REGULATION_OF_GENE_EXPRESSION	2	15	3899	0.1333
FA	FA	CHEBI:35366	fatty acid	R-MMU-2980736	Peptide hormone metabolism	REACTOME_PEPTIDE_HORMONE_METABOLISM	10	78	3899	0.1282
FA	FA	CHEBI:35366	fatty acid	R-MMU-8963899	Plasma lipoprotein remodeling	REACTOME_PLASMA_LIPOPROTEIN_REMODELING	2	16	3899	0.125
FA	FA	CHEBI:35366	fatty acid	R-MMU-6809371	Formation of the cornified envelope	REACTOME_FORMATION_OF_THE_CORNIFIED_ENVELOPE	1	9	3899	0.1111
FA	FA	CHEBI:35366	fatty acid	R-MMU-6805567	Keratinization	REACTOME_KERATINIZATION	1	9	3899	0.1111
FA	FA	CHEBI:35366	fatty acid	R-MMU-8964038	LDL clearance	REACTOME_LDL_CLEARANCE	1	9	3899	0.1111
FA	FA	CHEBI:35366	fatty acid	R-MMU-8964043	Plasma lipoprotein clearance	REACTOME_PLASMA_LIPOPROTEIN_CLEARANCE	1	9	3899	0.1111
FA	FA	CHEBI:35366	fatty acid	R-MMU-211935	Fatty acids	REACTOME_FATTY_ACIDS	2	19	3899	0.1053
FA	FA	CHEBI:35366	fatty acid	R-MMU-74182	Ketone body metabolism	REACTOME_KETONE_BODY_METABOLISM	2	19	3899	0.1053
FA	FA	CHEBI:35366	fatty acid	R-MMU-5686938	Regulation of TLR by endogenous ligand	REACTOME_REGULATION_OF_TLR_BY_ENDOGENOUS_LIGAND	2	19	3899	0.1053
FA	FA	CHEBI:35366	fatty acid	R-MMU-425397	Transport of vitamins, nucleosides, and related molecules	REACTOME_TRANSPORT_OF_VITAMINS_NUCLEOSIDES_AND_RELATED_MOLECULES	5	49	3899	0.102
FA	FA	CHEBI:35366	fatty acid	R-MMU-6811436	COPI-independent Golgi-to-ER retrograde traffic	REACTOME_COPI_INDEPENDENT_GOLGI_TO_ER_RETROGRADE_TRAFFIC	1	10	3899	0.1
FA	FA	CHEBI:35366	fatty acid	R-MMU-8856688	Golgi-to-ER retrograde transport	REACTOME_GOLGI_TO_ER_RETROGRADE_TRANSPORT	1	10	3899	0.1
FA	FA	CHEBI:35366	fatty acid	R-MMU-381753	Olfactory Signaling Pathway	REACTOME_OLFACTORY_SIGNALING_PATHWAY	5	52	3899	0.0962
FA	FA	CHEBI:35366	fatty acid	R-MMU-174824	Plasma lipoprotein assembly, remodeling, and clearance	REACTOME_PLASMA_LIPOPROTEIN_ASSEMBLY_REMODELING_AND_CLEARANCE	2	21	3899	0.0952
FA	FA	CHEBI:35366	fatty acid	R-MMU-6811442	Intra-Golgi and retrograde Golgi-to-ER traffic	REACTOME_INTRA_GOLGI_AND_RETROGRADE_GOLGI_TO_ER_TRAFFIC	1	11	3899	0.0909
FA	FA	CHEBI:35366	fatty acid	R-MMU-2173782	Binding and Uptake of Ligands by Scavenger Receptors	REACTOME_BINDING_AND_UPTAKE_OF_LIGANDS_BY_SCAVENGER_RECEPTORS	3	36	3899	0.0833
FA	FA	CHEBI:35366	fatty acid	R-MMU-114508	Effects of PIP2 hydrolysis	REACTOME_EFFECTS_OF_PIP2_HYDROLYSIS	1	13	3899	0.0769
FA	FA	CHEBI:35366	fatty acid	R-MMU-9707564	Cytoprotection by HMOX1	REACTOME_CYTOPROTECTION_BY_HMOX1	2	29	3899	0.069
FA	FA	CHEBI:35366	fatty acid	R-MMU-211958	Miscellaneous substrates	REACTOME_MISCELLANEOUS_SUBSTRATES	1	15	3899	0.0667
FA	FA	CHEBI:35366	fatty acid	R-MMU-168898	Toll-like Receptor Cascades	REACTOME_TOLL_LIKE_RECEPTOR_CASCADES	2	33	3899	0.0606
FA	FA	CHEBI:35366	fatty acid	R-MMU-9018682	Biosynthesis of maresins	REACTOME_BIOSYNTHESIS_OF_MARESINS	1	17	3899	0.0588
FA	FA	CHEBI:35366	fatty acid	R-MMU-2046104	alpha-linolenic (omega3) and linoleic (omega6) acid metabolism	REACTOME_ALPHA_LINOLENIC_OMEGA3_AND_LINOLEIC_OMEGA6_ACID_METABOLISM	2	41	3899	0.0488
FA	FA	CHEBI:35366	fatty acid	R-MMU-4839726	Chromatin organization	REACTOME_CHROMATIN_ORGANIZATION	1	22	3899	0.0455
FA	FA	CHEBI:35366	fatty acid	R-MMU-9955298	SLC-mediated transport of organic anions	REACTOME_SLC_MEDIATED_TRANSPORT_OF_ORGANIC_ANIONS	2	47	3899	0.0426
FA	FA	CHEBI:35366	fatty acid	R-MMU-9711123	Cellular response to chemical stress	REACTOME_CELLULAR_RESPONSE_TO_CHEMICAL_STRESS	2	48	3899	0.0417
FA	FA	CHEBI:35366	fatty acid	R-MMU-391903	Eicosanoid ligand-binding receptors	REACTOME_EICOSANOID_LIGAND_BINDING_RECEPTORS	1	24	3899	0.0417
FA	FA	CHEBI:35366	fatty acid	R-MMU-211897	Cytochrome P450 - arranged by substrate type	REACTOME_CYTOCHROME_P450_ARRANGED_BY_SUBSTRATE_TYPE	5	128	3899	0.0391
FA	FA	CHEBI:35366	fatty acid	R-MMU-425407	SLC-mediated transmembrane transport	REACTOME_SLC_MEDIATED_TRANSMEMBRANE_TRANSPORT	7	191	3899	0.0366
FA	FA	CHEBI:35366	fatty acid	R-MMU-9709957	Sensory Perception	REACTOME_SENSORY_PERCEPTION	6	195	3899	0.0308
FA	FA	CHEBI:35366	fatty acid	R-MMU-9749641	Aspirin ADME	REACTOME_ASPIRIN_ADME	1	36	3899	0.0278
FA	FA	CHEBI:35366	fatty acid	R-MMU-76002	Platelet activation, signaling and aggregation	REACTOME_PLATELET_ACTIVATION_SIGNALING_AND_AGGREGATION	1	36	3899	0.0278
FA	FA	CHEBI:35366	fatty acid	R-MMU-6806667	Metabolism of fat-soluble vitamins	REACTOME_METABOLISM_OF_FAT_SOLUBLE_VITAMINS	1	38	3899	0.0263
FA	FA	CHEBI:35366	fatty acid	R-MMU-211945	Phase I - Functionalization of compounds	REACTOME_PHASE_I_FUNCTIONALIZATION_OF_COMPOUNDS	5	217	3899	0.023
FA	FA	CHEBI:35366	fatty acid	R-MMU-8935690	Digestion	REACTOME_DIGESTION	1	44	3899	0.0227
FA	FA	CHEBI:35366	fatty acid	R-MMU-112310	Neurotransmitter release cycle	REACTOME_NEUROTRANSMITTER_RELEASE_CYCLE	1	45	3899	0.0222
FA	FA	CHEBI:35366	fatty acid	R-MMU-196807	Nicotinate metabolism	REACTOME_NICOTINATE_METABOLISM	1	45	3899	0.0222
FA	FA	CHEBI:35366	fatty acid	R-MMU-8963743	Digestion and absorption	REACTOME_DIGESTION_AND_ABSORPTION	1	46	3899	0.0217
FA	FA	CHEBI:35366	fatty acid	R-MMU-2187338	Visual phototransduction	REACTOME_VISUAL_PHOTOTRANSDUCTION	1	53	3899	0.0189
FA	FA	CHEBI:35366	fatty acid	R-MMU-418594	G alpha (i) signalling events	REACTOME_G_ALPHA_I_SIGNALLING_EVENTS	2	107	3899	0.0187
FA	FA	CHEBI:35366	fatty acid	R-MMU-211859	Biological oxidations	REACTOME_BIOLOGICAL_OXIDATIONS	5	347	3899	0.0144
FA	FA	CHEBI:35366	fatty acid	R-MMU-8978868	Fatty acid metabolism	REACTOME_FATTY_ACID_METABOLISM	3	256	3899	0.0117
FA	FA	CHEBI:35366	fatty acid	R-MMU-500792	GPCR ligand binding	REACTOME_GPCR_LIGAND_BINDING	4	344	3899	0.0116
FA	FA	CHEBI:35366	fatty acid	R-MMU-1483206	Glycerophospholipid biosynthesis	REACTOME_GLYCEROPHOSPHOLIPID_BIOSYNTHESIS	1	88	3899	0.0114
FA	FA	CHEBI:35366	fatty acid	R-MMU-196854	Metabolism of vitamins and cofactors	REACTOME_METABOLISM_OF_VITAMINS_AND_COFACTORS	2	183	3899	0.0109
FA	FA	CHEBI:35366	fatty acid	R-MMU-1483257	Phospholipid metabolism	REACTOME_PHOSPHOLIPID_METABOLISM	1	98	3899	0.0102
FA	FA	CHEBI:35366	fatty acid	R-MMU-2142753	Arachidonate metabolism	REACTOME_ARACHIDONATE_METABOLISM	1	117	3899	0.0085
FA	FA	CHEBI:35366	fatty acid	R-MMU-196849	Metabolism of water-soluble vitamins and cofactors	REACTOME_METABOLISM_OF_WATER_SOLUBLE_VITAMINS_AND_COFACTORS	1	124	3899	0.0081
FA	FA	CHEBI:35366	fatty acid	R-MMU-112315	Transmission across Chemical Synapses	REACTOME_TRANSMISSION_ACROSS_CHEMICAL_SYNAPSES	1	124	3899	0.0081
FA	FA	CHEBI:35366	fatty acid	R-MMU-112316	Neuronal System	REACTOME_NEURONAL_SYSTEM	1	126	3899	0.0079
FA	FA	CHEBI:35366	fatty acid	R-MMU-9748784	Drug ADME	REACTOME_DRUG_ADME	1	160	3899	0.0063
GD1a	SP	CHEBI:28892	ganglioside	R-MMU-9840309	Glycosphingolipid biosynthesis	REACTOME_GLYCOSPHINGOLIPID_BIOSYNTHESIS	2	53	387	0.0377
GD1a	SP	CHEBI:28892	ganglioside	R-MMU-1660662	Glycosphingolipid metabolism	REACTOME_GLYCOSPHINGOLIPID_METABOLISM	2	79	387	0.0253
GD1a	SP	CHEBI:28892	ganglioside	R-MMU-428157	Sphingolipid metabolism	REACTOME_SPHINGOLIPID_METABOLISM	2	117	387	0.0171
HexCer	SP	CHEBI:23079	cerebroside	R-MMU-198933	Immunoregulatory interactions between a Lymphoid and a non-Lymphoid cell	REACTOME_IMMUNOREGULATORY_INTERACTIONS_BETWEEN_A_LYMPHOID_AND_A_NON_LYMPHOID_CELL	1	11	253	0.0909
HexCer	SP	CHEBI:23079	cerebroside	R-MMU-9840310	Glycosphingolipid catabolism	REACTOME_GLYCOSPHINGOLIPID_CATABOLISM	2	38	253	0.0526
HexCer	SP	CHEBI:23079	cerebroside	R-MMU-9840309	Glycosphingolipid biosynthesis	REACTOME_GLYCOSPHINGOLIPID_BIOSYNTHESIS	2	53	253	0.0377
HexCer	SP	CHEBI:23079	cerebroside	R-MMU-1660662	Glycosphingolipid metabolism	REACTOME_GLYCOSPHINGOLIPID_METABOLISM	2	79	253	0.0253
HexCer	SP	CHEBI:23079	cerebroside	R-MMU-428157	Sphingolipid metabolism	REACTOME_SPHINGOLIPID_METABOLISM	2	117	253	0.0171
LPA	GP	CHEBI:132742	lysophosphatidic acid	R-MMU-419408	Lysosphingolipid and LPA receptors	REACTOME_LYSOSPHINGOLIPID_AND_LPA_RECEPTORS	1	7	77	0.1429
LPA	GP	CHEBI:132742	lysophosphatidic acid	R-MMU-1483166	Synthesis of PA	REACTOME_SYNTHESIS_OF_PA	3	26	77	0.1154
LPA	GP	CHEBI:132742	lysophosphatidic acid	R-MMU-417957	P2Y receptors	REACTOME_P2Y_RECEPTORS	1	12	77	0.0833
LPA	GP	CHEBI:132742	lysophosphatidic acid	R-MMU-418038	Nucleotide-like (purinergic) receptors	REACTOME_NUCLEOTIDE_LIKE_PURINERGIC_RECEPTORS	1	13	77	0.0769
LPA	GP	CHEBI:132742	lysophosphatidic acid	R-MMU-75109	Triglyceride biosynthesis	REACTOME_TRIGLYCERIDE_BIOSYNTHESIS	1	19	77	0.0526
LPA	GP	CHEBI:132742	lysophosphatidic acid	R-MMU-1483206	Glycerophospholipid biosynthesis	REACTOME_GLYCEROPHOSPHOLIPID_BIOSYNTHESIS	4	88	77	0.0455
LPA	GP	CHEBI:132742	lysophosphatidic acid	R-MMU-8979227	Triglyceride metabolism	REACTOME_TRIGLYCERIDE_METABOLISM	1	24	77	0.0417
LPA	GP	CHEBI:132742	lysophosphatidic acid	R-MMU-1483257	Phospholipid metabolism	REACTOME_PHOSPHOLIPID_METABOLISM	4	98	77	0.0408
LPA	GP	CHEBI:132742	lysophosphatidic acid	R-MMU-416476	G alpha (q) signalling events	REACTOME_G_ALPHA_Q_SIGNALLING_EVENTS	1	64	77	0.0156
LPA	GP	CHEBI:132742	lysophosphatidic acid	R-MMU-418594	G alpha (i) signalling events	REACTOME_G_ALPHA_I_SIGNALLING_EVENTS	1	107	77	0.0093
LPA	GP	CHEBI:132742	lysophosphatidic acid	R-MMU-500792	GPCR ligand binding	REACTOME_GPCR_LIGAND_BINDING	1	344	77	0.0029
LPC	GP	CHEBI:60479	lysophosphatidylcholine	R-MMU-6811436	COPI-independent Golgi-to-ER retrograde traffic	REACTOME_COPI_INDEPENDENT_GOLGI_TO_ER_RETROGRADE_TRAFFIC	1	10	200	0.1
LPC	GP	CHEBI:60479	lysophosphatidylcholine	R-MMU-8856688	Golgi-to-ER retrograde transport	REACTOME_GOLGI_TO_ER_RETROGRADE_TRANSPORT	1	10	200	0.1
LPC	GP	CHEBI:60479	lysophosphatidylcholine	R-MMU-6811442	Intra-Golgi and retrograde Golgi-to-ER traffic	REACTOME_INTRA_GOLGI_AND_RETROGRADE_GOLGI_TO_ER_TRAFFIC	1	11	200	0.0909
LPC	GP	CHEBI:60479	lysophosphatidylcholine	R-MMU-1483191	Synthesis of PC	REACTOME_SYNTHESIS_OF_PC	2	26	200	0.0769
LPC	GP	CHEBI:60479	lysophosphatidylcholine	R-MMU-1482788	Acyl chain remodelling of PC	REACTOME_ACYL_CHAIN_REMODELLING_OF_PC	1	13	200	0.0769
LPC	GP	CHEBI:60479	lysophosphatidylcholine	R-MMU-1482839	Acyl chain remodelling of PE	REACTOME_ACYL_CHAIN_REMODELLING_OF_PE	1	13	200	0.0769
LPC	GP	CHEBI:60479	lysophosphatidylcholine	R-MMU-111996	Ca-dependent events	REACTOME_CA_DEPENDENT_EVENTS	1	13	200	0.0769
LPC	GP	CHEBI:60479	lysophosphatidylcholine	R-MMU-1483255	PI Metabolism	REACTOME_PI_METABOLISM	2	28	200	0.0714
LPC	GP	CHEBI:60479	lysophosphatidylcholine	R-MMU-2029485	Role of phospholipids in phagocytosis	REACTOME_ROLE_OF_PHOSPHOLIPIDS_IN_PHAGOCYTOSIS	1	14	200	0.0714
LPC	GP	CHEBI:60479	lysophosphatidylcholine	R-MMU-8963899	Plasma lipoprotein remodeling	REACTOME_PLASMA_LIPOPROTEIN_REMODELING	1	16	200	0.0625
LPC	GP	CHEBI:60479	lysophosphatidylcholine	R-MMU-2029480	Fcgamma receptor (FCGR) dependent phagocytosis	REACTOME_FCGAMMA_RECEPTOR_FCGR_DEPENDENT_PHAGOCYTOSIS	1	17	200	0.0588
LPC	GP	CHEBI:60479	lysophosphatidylcholine	R-MMU-1483206	Glycerophospholipid biosynthesis	REACTOME_GLYCEROPHOSPHOLIPID_BIOSYNTHESIS	5	88	200	0.0568
LPC	GP	CHEBI:60479	lysophosphatidylcholine	R-MMU-5686938	Regulation of TLR by endogenous ligand	REACTOME_REGULATION_OF_TLR_BY_ENDOGENOUS_LIGAND	1	19	200	0.0526
LPC	GP	CHEBI:60479	lysophosphatidylcholine	R-MMU-1483257	Phospholipid metabolism	REACTOME_PHOSPHOLIPID_METABOLISM	5	98	200	0.051
LPC	GP	CHEBI:60479	lysophosphatidylcholine	R-MMU-112040	G-protein mediated events	REACTOME_G_PROTEIN_MEDIATED_EVENTS	1	20	200	0.05
LPC	GP	CHEBI:60479	lysophosphatidylcholine	R-MMU-174824	Plasma lipoprotein assembly, remodeling, and clearance	REACTOME_PLASMA_LIPOPROTEIN_ASSEMBLY_REMODELING_AND_CLEARANCE	1	21	200	0.0476
LPC	GP	CHEBI:60479	lysophosphatidylcholine	R-MMU-111885	Opioid Signalling	REACTOME_OPIOID_SIGNALLING	1	22	200	0.0455
LPC	GP	CHEBI:60479	lysophosphatidylcholine	R-MMU-400508	Incretin synthesis, secretion, and inactivation	REACTOME_INCRETIN_SYNTHESIS_SECRETION_AND_INACTIVATION	1	32	200	0.0312
LPC	GP	CHEBI:60479	lysophosphatidylcholine	R-MMU-168898	Toll-like Receptor Cascades	REACTOME_TOLL_LIKE_RECEPTOR_CASCADES	1	33	200	0.0303
LPC	GP	CHEBI:60479	lysophosphatidylcholine	R-MMU-2173782	Binding and Uptake of Ligands by Scavenger Receptors	REACTOME_BINDING_AND_UPTAKE_OF_LIGANDS_BY_SCAVENGER_RECEPTORS	1	36	200	0.0278
LPC	GP	CHEBI:60479	lysophosphatidylcholine	R-MMU-6806667	Metabolism of fat-soluble vitamins	REACTOME_METABOLISM_OF_FAT_SOLUBLE_VITAMINS	1	38	200	0.0263
LPC	GP	CHEBI:60479	lysophosphatidylcholine	R-MMU-2187338	Visual phototransduction	REACTOME_VISUAL_PHOTOTRANSDUCTION	1	53	200	0.0189
LPC	GP	CHEBI:60479	lysophosphatidylcholine	R-MMU-2980736	Peptide hormone metabolism	REACTOME_PEPTIDE_HORMONE_METABOLISM	1	78	200	0.0128
LPC	GP	CHEBI:60479	lysophosphatidylcholine	R-MMU-418594	G alpha (i) signalling events	REACTOME_G_ALPHA_I_SIGNALLING_EVENTS	1	107	200	0.0093
LPC	GP	CHEBI:60479	lysophosphatidylcholine	R-MMU-2142753	Arachidonate metabolism	REACTOME_ARACHIDONATE_METABOLISM	1	117	200	0.0085
LPC	GP	CHEBI:60479	lysophosphatidylcholine	R-MMU-196854	Metabolism of vitamins and cofactors	REACTOME_METABOLISM_OF_VITAMINS_AND_COFACTORS	1	183	200	0.0055
LPC	GP	CHEBI:60479	lysophosphatidylcholine	R-MMU-9709957	Sensory Perception	REACTOME_SENSORY_PERCEPTION	1	195	200	0.0051
LPC	GP	CHEBI:60479	lysophosphatidylcholine	R-MMU-8978868	Fatty acid metabolism	REACTOME_FATTY_ACID_METABOLISM	1	256	200	0.0039
LPE	GP	CHEBI:64574	lysophosphatidylethanolamine	R-MMU-1482839	Acyl chain remodelling of PE	REACTOME_ACYL_CHAIN_REMODELLING_OF_PE	2	13	146	0.1538
LPE	GP	CHEBI:64574	lysophosphatidylethanolamine	R-MMU-1483206	Glycerophospholipid biosynthesis	REACTOME_GLYCEROPHOSPHOLIPID_BIOSYNTHESIS	2	88	146	0.0227
LPE	GP	CHEBI:64574	lysophosphatidylethanolamine	R-MMU-1483257	Phospholipid metabolism	REACTOME_PHOSPHOLIPID_METABOLISM	2	98	146	0.0204
LPS	GP	CHEBI:68510	lysophosphatidylserine	R-MMU-1482801	Acyl chain remodelling of PS	REACTOME_ACYL_CHAIN_REMODELLING_OF_PS	2	9	62	0.2222
LPS	GP	CHEBI:68510	lysophosphatidylserine	R-MMU-1483206	Glycerophospholipid biosynthesis	REACTOME_GLYCEROPHOSPHOLIPID_BIOSYNTHESIS	2	88	62	0.0227
LPS	GP	CHEBI:68510	lysophosphatidylserine	R-MMU-1483257	Phospholipid metabolism	REACTOME_PHOSPHOLIPID_METABOLISM	2	98	62	0.0204
MG	GL	CHEBI:17408	monoacylglycerol	R-MMU-114508	Effects of PIP2 hydrolysis	REACTOME_EFFECTS_OF_PIP2_HYDROLYSIS	2	13	201	0.1538
MG	GL	CHEBI:17408	monoacylglycerol	R-MMU-76002	Platelet activation, signaling and aggregation	REACTOME_PLATELET_ACTIVATION_SIGNALING_AND_AGGREGATION	2	36	201	0.0556
MG	GL	CHEBI:17408	monoacylglycerol	R-MMU-75109	Triglyceride biosynthesis	REACTOME_TRIGLYCERIDE_BIOSYNTHESIS	1	19	201	0.0526
MG	GL	CHEBI:17408	monoacylglycerol	R-MMU-8979227	Triglyceride metabolism	REACTOME_TRIGLYCERIDE_METABOLISM	1	24	201	0.0417
MG	GL	CHEBI:17408	monoacylglycerol	R-MMU-1483166	Synthesis of PA	REACTOME_SYNTHESIS_OF_PA	1	26	201	0.0385
MG	GL	CHEBI:17408	monoacylglycerol	R-MMU-1483255	PI Metabolism	REACTOME_PI_METABOLISM	1	28	201	0.0357
MG	GL	CHEBI:17408	monoacylglycerol	R-MMU-1483206	Glycerophospholipid biosynthesis	REACTOME_GLYCEROPHOSPHOLIPID_BIOSYNTHESIS	3	88	201	0.0341
MG	GL	CHEBI:17408	monoacylglycerol	R-MMU-416476	G alpha (q) signalling events	REACTOME_G_ALPHA_Q_SIGNALLING_EVENTS	2	64	201	0.0312
MG	GL	CHEBI:17408	monoacylglycerol	R-MMU-1483257	Phospholipid metabolism	REACTOME_PHOSPHOLIPID_METABOLISM	3	98	201	0.0306
MG	GL	CHEBI:17408	monoacylglycerol	R-MMU-8935690	Digestion	REACTOME_DIGESTION	1	44	201	0.0227
MG	GL	CHEBI:17408	monoacylglycerol	R-MMU-8963743	Digestion and absorption	REACTOME_DIGESTION_AND_ABSORPTION	1	46	201	0.0217
MG	GL	CHEBI:17408	monoacylglycerol	R-MMU-418594	G alpha (i) signalling events	REACTOME_G_ALPHA_I_SIGNALLING_EVENTS	1	107	201	0.0093
MG	GL	CHEBI:17408	monoacylglycerol	R-MMU-500792	GPCR ligand binding	REACTOME_GPCR_LIGAND_BINDING	1	344	201	0.0029
PC	GP	CHEBI:64482	phosphatidylcholine	R-MMU-111996	Ca-dependent events	REACTOME_CA_DEPENDENT_EVENTS	2	13	1106	0.1538
PC	GP	CHEBI:64482	phosphatidylcholine	R-MMU-112040	G-protein mediated events	REACTOME_G_PROTEIN_MEDIATED_EVENTS	2	20	1106	0.1
PC	GP	CHEBI:64482	phosphatidylcholine	R-MMU-6811436	COPI-independent Golgi-to-ER retrograde traffic	REACTOME_COPI_INDEPENDENT_GOLGI_TO_ER_RETROGRADE_TRAFFIC	1	10	1106	0.1
PC	GP	CHEBI:64482	phosphatidylcholine	R-MMU-8856688	Golgi-to-ER retrograde transport	REACTOME_GOLGI_TO_ER_RETROGRADE_TRANSPORT	1	10	1106	0.1
PC	GP	CHEBI:64482	phosphatidylcholine	R-MMU-111885	Opioid Signalling	REACTOME_OPIOID_SIGNALLING	2	22	1106	0.0909
PC	GP	CHEBI:64482	phosphatidylcholine	R-MMU-1369062	ABC transporters in lipid homeostasis	REACTOME_ABC_TRANSPORTERS_IN_LIPID_HOMEOSTASIS	1	11	1106	0.0909
PC	GP	CHEBI:64482	phosphatidylcholine	R-MMU-6811442	Intra-Golgi and retrograde Golgi-to-ER traffic	REACTOME_INTRA_GOLGI_AND_RETROGRADE_GOLGI_TO_ER_TRAFFIC	1	11	1106	0.0909
PC	GP	CHEBI:64482	phosphatidylcholine	R-MMU-1482788	Acyl chain remodelling of PC	REACTOME_ACYL_CHAIN_REMODELLING_OF_PC	1	13	1106	0.0769
PC	GP	CHEBI:64482	phosphatidylcholine	R-MMU-1482839	Acyl chain remodelling of PE	REACTOME_ACYL_CHAIN_REMODELLING_OF_PE	1	13	1106	0.0769
PC	GP	CHEBI:64482	phosphatidylcholine	R-MMU-5683826	Surfactant metabolism	REACTOME_SURFACTANT_METABOLISM	1	13	1106	0.0769
PC	GP	CHEBI:64482	phosphatidylcholine	R-MMU-2029485	Role of phospholipids in phagocytosis	REACTOME_ROLE_OF_PHOSPHOLIPIDS_IN_PHAGOCYTOSIS	1	14	1106	0.0714
PC	GP	CHEBI:64482	phosphatidylcholine	R-MMU-8963899	Plasma lipoprotein remodeling	REACTOME_PLASMA_LIPOPROTEIN_REMODELING	1	16	1106	0.0625
PC	GP	CHEBI:64482	phosphatidylcholine	R-MMU-2029480	Fcgamma receptor (FCGR) dependent phagocytosis	REACTOME_FCGAMMA_RECEPTOR_FCGR_DEPENDENT_PHAGOCYTOSIS	1	17	1106	0.0588
PC	GP	CHEBI:64482	phosphatidylcholine	R-MMU-174824	Plasma lipoprotein assembly, remodeling, and clearance	REACTOME_PLASMA_LIPOPROTEIN_ASSEMBLY_REMODELING_AND_CLEARANCE	1	21	1106	0.0476
PC	GP	CHEBI:64482	phosphatidylcholine	R-MMU-1483166	Synthesis of PA	REACTOME_SYNTHESIS_OF_PA	1	26	1106	0.0385
PC	GP	CHEBI:64482	phosphatidylcholine	R-MMU-1483191	Synthesis of PC	REACTOME_SYNTHESIS_OF_PC	1	26	1106	0.0385
PC	GP	CHEBI:64482	phosphatidylcholine	R-MMU-1483255	PI Metabolism	REACTOME_PI_METABOLISM	1	28	1106	0.0357
PC	GP	CHEBI:64482	phosphatidylcholine	R-MMU-1660661	Sphingolipid de novo biosynthesis	REACTOME_SPHINGOLIPID_DE_NOVO_BIOSYNTHESIS	1	35	1106	0.0286
PC	GP	CHEBI:64482	phosphatidylcholine	R-MMU-6806667	Metabolism of fat-soluble vitamins	REACTOME_METABOLISM_OF_FAT_SOLUBLE_VITAMINS	1	38	1106	0.0263
PC	GP	CHEBI:64482	phosphatidylcholine	R-MMU-2187338	Visual phototransduction	REACTOME_VISUAL_PHOTOTRANSDUCTION	1	53	1106	0.0189
PC	GP	CHEBI:64482	phosphatidylcholine	R-MMU-418594	G alpha (i) signalling events	REACTOME_G_ALPHA_I_SIGNALLING_EVENTS	2	107	1106	0.0187
PC	GP	CHEBI:64482	phosphatidylcholine	R-MMU-2142753	Arachidonate metabolism	REACTOME_ARACHIDONATE_METABOLISM	2	117	1106	0.0171
PC	GP	CHEBI:64482	phosphatidylcholine	R-MMU-1483206	Glycerophospholipid biosynthesis	REACTOME_GLYCEROPHOSPHOLIPID_BIOSYNTHESIS	1	88	1106	0.0114
PC	GP	CHEBI:64482	phosphatidylcholine	R-MMU-1483257	Phospholipid metabolism	REACTOME_PHOSPHOLIPID_METABOLISM	1	98	1106	0.0102
PC	GP	CHEBI:64482	phosphatidylcholine	R-MMU-428157	Sphingolipid metabolism	REACTOME_SPHINGOLIPID_METABOLISM	1	117	1106	0.0085
PC	GP	CHEBI:64482	phosphatidylcholine	R-MMU-8978868	Fatty acid metabolism	REACTOME_FATTY_ACID_METABOLISM	2	256	1106	0.0078
PC	GP	CHEBI:64482	phosphatidylcholine	R-MMU-196854	Metabolism of vitamins and cofactors	REACTOME_METABOLISM_OF_VITAMINS_AND_COFACTORS	1	183	1106	0.0055
PC	GP	CHEBI:64482	phosphatidylcholine	R-MMU-9709957	Sensory Perception	REACTOME_SENSORY_PERCEPTION	1	195	1106	0.0051
PE	GP	CHEBI:16038	phosphatidylethanolamine	R-MMU-1482839	Acyl chain remodelling of PE	REACTOME_ACYL_CHAIN_REMODELLING_OF_PE	1	13	1178	0.0769
PE	GP	CHEBI:16038	phosphatidylethanolamine	R-MMU-1483206	Glycerophospholipid biosynthesis	REACTOME_GLYCEROPHOSPHOLIPID_BIOSYNTHESIS	1	88	1178	0.0114
PE	GP	CHEBI:16038	phosphatidylethanolamine	R-MMU-1483257	Phospholipid metabolism	REACTOME_PHOSPHOLIPID_METABOLISM	1	98	1178	0.0102
PG	GP	CHEBI:17517	phosphatidylglycerol	R-MMU-111471	Apoptotic factor-mediated response	REACTOME_APOPTOTIC_FACTOR_MEDIATED_RESPONSE	1	3	516	0.3333
PG	GP	CHEBI:17517	phosphatidylglycerol	R-MMU-5620971	Pyroptosis	REACTOME_PYROPTOSIS	1	7	516	0.1429
PG	GP	CHEBI:17517	phosphatidylglycerol	R-MMU-9864848	Complex IV assembly	REACTOME_COMPLEX_IV_ASSEMBLY	1	9	516	0.1111
PG	GP	CHEBI:17517	phosphatidylglycerol	R-MMU-109606	Intrinsic Pathway for Apoptosis	REACTOME_INTRINSIC_PATHWAY_FOR_APOPTOSIS	1	9	516	0.1111
PG	GP	CHEBI:17517	phosphatidylglycerol	R-MMU-109581	Apoptosis	REACTOME_APOPTOSIS	1	13	516	0.0769
PG	GP	CHEBI:17517	phosphatidylglycerol	R-MMU-5218859	Regulated Necrosis	REACTOME_REGULATED_NECROSIS	1	17	516	0.0588
PG	GP	CHEBI:17517	phosphatidylglycerol	R-MMU-1483166	Synthesis of PA	REACTOME_SYNTHESIS_OF_PA	1	26	516	0.0385
PG	GP	CHEBI:17517	phosphatidylglycerol	R-MMU-5357801	Programmed Cell Death	REACTOME_PROGRAMMED_CELL_DEATH	1	27	516	0.037
PG	GP	CHEBI:17517	phosphatidylglycerol	R-MMU-9707564	Cytoprotection by HMOX1	REACTOME_CYTOPROTECTION_BY_HMOX1	1	29	516	0.0345
PG	GP	CHEBI:17517	phosphatidylglycerol	R-MMU-5628897	TP53 Regulates Metabolic Genes	REACTOME_TP53_REGULATES_METABOLIC_GENES	1	31	516	0.0323
PG	GP	CHEBI:17517	phosphatidylglycerol	R-MMU-611105	Respiratory electron transport	REACTOME_RESPIRATORY_ELECTRON_TRANSPORT	1	33	516	0.0303
PG	GP	CHEBI:17517	phosphatidylglycerol	R-MMU-3700989	Transcriptional Regulation by TP53	REACTOME_TRANSCRIPTIONAL_REGULATION_BY_TP53	1	41	516	0.0244
PG	GP	CHEBI:17517	phosphatidylglycerol	R-MMU-1483206	Glycerophospholipid biosynthesis	REACTOME_GLYCEROPHOSPHOLIPID_BIOSYNTHESIS	2	88	516	0.0227
PG	GP	CHEBI:17517	phosphatidylglycerol	R-MMU-9711123	Cellular response to chemical stress	REACTOME_CELLULAR_RESPONSE_TO_CHEMICAL_STRESS	1	48	516	0.0208
PG	GP	CHEBI:17517	phosphatidylglycerol	R-MMU-1483257	Phospholipid metabolism	REACTOME_PHOSPHOLIPID_METABOLISM	2	98	516	0.0204
PG	GP	CHEBI:17517	phosphatidylglycerol	R-MMU-1428517	Aerobic respiration and respiratory electron transport	REACTOME_AEROBIC_RESPIRATION_AND_RESPIRATORY_ELECTRON_TRANSPORT	1	93	516	0.0108
PI	GP	CHEBI:28874	phosphatidylinositol	R-MMU-163125	Post-translational modification: synthesis of GPI-anchored proteins	REACTOME_POST_TRANSLATIONAL_MODIFICATION_SYNTHESIS_OF_GPI_ANCHORED_PROTEINS	4	23	539	0.1739
PI	GP	CHEBI:28874	phosphatidylinositol	R-MMU-2730905	Role of LAT2/NTAL/LAB on calcium mobilization	REACTOME_ROLE_OF_LAT2_NTAL_LAB_ON_CALCIUM_MOBILIZATION	1	6	539	0.1667
PI	GP	CHEBI:28874	phosphatidylinositol	R-MMU-1660514	Synthesis of PIPs at the Golgi membrane	REACTOME_SYNTHESIS_OF_PIPS_AT_THE_GOLGI_MEMBRANE	2	14	539	0.1429
PI	GP	CHEBI:28874	phosphatidylinositol	R-MMU-5620971	Pyroptosis	REACTOME_PYROPTOSIS	1	7	539	0.1429
PI	GP	CHEBI:28874	phosphatidylinositol	R-MMU-201681	TCF dependent signaling in response to WNT	REACTOME_TCF_DEPENDENT_SIGNALING_IN_RESPONSE_TO_WNT	1	7	539	0.1429
PI	GP	CHEBI:28874	phosphatidylinositol	R-MMU-1660516	Synthesis of PIPs at the early endosome membrane	REACTOME_SYNTHESIS_OF_PIPS_AT_THE_EARLY_ENDOSOME_MEMBRANE	2	15	539	0.1333
PI	GP	CHEBI:28874	phosphatidylinositol	R-MMU-2871837	FCERI mediated NF-kB activation	REACTOME_FCERI_MEDIATED_NF_KB_ACTIVATION	1	8	539	0.125
PI	GP	CHEBI:28874	phosphatidylinositol	R-MMU-8856828	Clathrin-mediated endocytosis	REACTOME_CLATHRIN_MEDIATED_ENDOCYTOSIS	2	17	539	0.1176
PI	GP	CHEBI:28874	phosphatidylinositol	R-MMU-1660499	Synthesis of PIPs at the plasma membrane	REACTOME_SYNTHESIS_OF_PIPS_AT_THE_PLASMA_MEMBRANE	2	17	539	0.1176
PI	GP	CHEBI:28874	phosphatidylinositol	R-MMU-1482801	Acyl chain remodelling of PS	REACTOME_ACYL_CHAIN_REMODELLING_OF_PS	1	9	539	0.1111
PI	GP	CHEBI:28874	phosphatidylinositol	R-MMU-1483255	PI Metabolism	REACTOME_PI_METABOLISM	3	28	539	0.1071
PI	GP	CHEBI:28874	phosphatidylinositol	R-MMU-202424	Downstream TCR signaling	REACTOME_DOWNSTREAM_TCR_SIGNALING	1	10	539	0.1
PI	GP	CHEBI:28874	phosphatidylinositol	R-MMU-198933	Immunoregulatory interactions between a Lymphoid and a non-Lymphoid cell	REACTOME_IMMUNOREGULATORY_INTERACTIONS_BETWEEN_A_LYMPHOID_AND_A_NON_LYMPHOID_CELL	1	11	539	0.0909
PI	GP	CHEBI:28874	phosphatidylinositol	R-MMU-446652	Interleukin-1 family signaling	REACTOME_INTERLEUKIN_1_FAMILY_SIGNALING	1	11	539	0.0909
PI	GP	CHEBI:28874	phosphatidylinositol	R-MMU-202403	TCR signaling	REACTOME_TCR_SIGNALING	1	11	539	0.0909
PI	GP	CHEBI:28874	phosphatidylinositol	R-MMU-199418	Negative regulation of the PI3K/AKT network	REACTOME_NEGATIVE_REGULATION_OF_THE_PI3K_AKT_NETWORK	1	12	539	0.0833
PI	GP	CHEBI:28874	phosphatidylinositol	R-MMU-1632852	Macroautophagy	REACTOME_MACROAUTOPHAGY	1	13	539	0.0769
PI	GP	CHEBI:28874	phosphatidylinositol	R-MMU-5213460	RIPK1-mediated regulated necrosis	REACTOME_RIPK1_MEDIATED_REGULATED_NECROSIS	1	13	539	0.0769
PI	GP	CHEBI:28874	phosphatidylinositol	R-MMU-5607764	CLEC7A (Dectin-1) signaling	REACTOME_CLEC7A_DECTIN_1_SIGNALING	1	15	539	0.0667
PI	GP	CHEBI:28874	phosphatidylinositol	R-MMU-2454202	Fc epsilon receptor (FCERI) signaling	REACTOME_FC_EPSILON_RECEPTOR_FCERI_SIGNALING	1	17	539	0.0588
PI	GP	CHEBI:28874	phosphatidylinositol	R-MMU-2029480	Fcgamma receptor (FCGR) dependent phagocytosis	REACTOME_FCGAMMA_RECEPTOR_FCGR_DEPENDENT_PHAGOCYTOSIS	1	17	539	0.0588
PI	GP	CHEBI:28874	phosphatidylinositol	R-MMU-5218859	Regulated Necrosis	REACTOME_REGULATED_NECROSIS	1	17	539	0.0588
PI	GP	CHEBI:28874	phosphatidylinositol	R-MMU-5686938	Regulation of TLR by endogenous ligand	REACTOME_REGULATION_OF_TLR_BY_ENDOGENOUS_LIGAND	1	19	539	0.0526
PI	GP	CHEBI:28874	phosphatidylinositol	R-MMU-449147	Signaling by Interleukins	REACTOME_SIGNALING_BY_INTERLEUKINS	1	19	539	0.0526
PI	GP	CHEBI:28874	phosphatidylinositol	R-MMU-195721	Signaling by WNT	REACTOME_SIGNALING_BY_WNT	1	19	539	0.0526
PI	GP	CHEBI:28874	phosphatidylinositol	R-MMU-9006925	Intracellular signaling by second messengers	REACTOME_INTRACELLULAR_SIGNALING_BY_SECOND_MESSENGERS	1	22	539	0.0455
PI	GP	CHEBI:28874	phosphatidylinositol	R-MMU-5357801	Programmed Cell Death	REACTOME_PROGRAMMED_CELL_DEATH	1	27	539	0.037
PI	GP	CHEBI:28874	phosphatidylinositol	R-MMU-1474244	Extracellular matrix organization	REACTOME_EXTRACELLULAR_MATRIX_ORGANIZATION	1	30	539	0.0333
PI	GP	CHEBI:28874	phosphatidylinositol	R-MMU-1483257	Phospholipid metabolism	REACTOME_PHOSPHOLIPID_METABOLISM	3	98	539	0.0306
PI	GP	CHEBI:28874	phosphatidylinositol	R-MMU-168898	Toll-like Receptor Cascades	REACTOME_TOLL_LIKE_RECEPTOR_CASCADES	1	33	539	0.0303
PI	GP	CHEBI:28874	phosphatidylinositol	R-MMU-1280215	Cytokine Signaling in Immune system	REACTOME_CYTOKINE_SIGNALING_IN_IMMUNE_SYSTEM	1	55	539	0.0182
PI	GP	CHEBI:28874	phosphatidylinositol	R-MMU-192105	Synthesis of bile acids and bile salts	REACTOME_SYNTHESIS_OF_BILE_ACIDS_AND_BILE_SALTS	1	71	539	0.0141
PI	GP	CHEBI:28874	phosphatidylinositol	R-MMU-194068	Bile acid and bile salt metabolism	REACTOME_BILE_ACID_AND_BILE_SALT_METABOLISM	1	72	539	0.0139
PI	GP	CHEBI:28874	phosphatidylinositol	R-MMU-1483206	Glycerophospholipid biosynthesis	REACTOME_GLYCEROPHOSPHOLIPID_BIOSYNTHESIS	1	88	539	0.0114
PI	GP	CHEBI:28874	phosphatidylinositol	R-MMU-8957322	Metabolism of steroids	REACTOME_METABOLISM_OF_STEROIDS	1	183	539	0.0055
PS	GP	CHEBI:18303	phosphatidyl-L-serine	R-MMU-1169091	Activation of NF-kappaB in B cells	REACTOME_ACTIVATION_OF_NF_KAPPAB_IN_B_CELLS	1	5	452	0.2
PS	GP	CHEBI:18303	phosphatidyl-L-serine	R-MMU-5099900	WNT5A-dependent internalization of FZD4	REACTOME_WNT5A_DEPENDENT_INTERNALIZATION_OF_FZD4	1	5	452	0.2
PS	GP	CHEBI:18303	phosphatidyl-L-serine	R-MMU-1250196	SHC1 events in ERBB2 signaling	REACTOME_SHC1_EVENTS_IN_ERBB2_SIGNALING	1	6	452	0.1667
PS	GP	CHEBI:18303	phosphatidyl-L-serine	R-MMU-399719	Trafficking of AMPA receptors	REACTOME_TRAFFICKING_OF_AMPA_RECEPTORS	1	6	452	0.1667
PS	GP	CHEBI:18303	phosphatidyl-L-serine	R-MMU-416993	Trafficking of GluR2-containing AMPA receptors	REACTOME_TRAFFICKING_OF_GLUR2_CONTAINING_AMPA_RECEPTORS	1	6	452	0.1667
PS	GP	CHEBI:18303	phosphatidyl-L-serine	R-MMU-4086400	PCP/CE pathway	REACTOME_PCP_CE_PATHWAY	1	7	452	0.1429
PS	GP	CHEBI:18303	phosphatidyl-L-serine	R-MMU-1482801	Acyl chain remodelling of PS	REACTOME_ACYL_CHAIN_REMODELLING_OF_PS	1	9	452	0.1111
PS	GP	CHEBI:18303	phosphatidyl-L-serine	R-MMU-198933	Immunoregulatory interactions between a Lymphoid and a non-Lymphoid cell	REACTOME_IMMUNOREGULATORY_INTERACTIONS_BETWEEN_A_LYMPHOID_AND_A_NON_LYMPHOID_CELL	1	11	452	0.0909
PS	GP	CHEBI:18303	phosphatidyl-L-serine	R-MMU-3858494	Beta-catenin independent WNT signaling	REACTOME_BETA_CATENIN_INDEPENDENT_WNT_SIGNALING	1	16	452	0.0625
PS	GP	CHEBI:18303	phosphatidyl-L-serine	R-MMU-195721	Signaling by WNT	REACTOME_SIGNALING_BY_WNT	1	19	452	0.0526
PS	GP	CHEBI:18303	phosphatidyl-L-serine	R-MMU-1227986	Signaling by ERBB2	REACTOME_SIGNALING_BY_ERBB2	1	22	452	0.0455
PS	GP	CHEBI:18303	phosphatidyl-L-serine	R-MMU-936837	Ion transport by P-type ATPases	REACTOME_ION_TRANSPORT_BY_P_TYPE_ATPASES	1	29	452	0.0345
PS	GP	CHEBI:18303	phosphatidyl-L-serine	R-MMU-112314	Neurotransmitter receptors and postsynaptic signal transmission	REACTOME_NEUROTRANSMITTER_RECEPTORS_AND_POSTSYNAPTIC_SIGNAL_TRANSMISSION	1	30	452	0.0333
PS	GP	CHEBI:18303	phosphatidyl-L-serine	R-MMU-2173782	Binding and Uptake of Ligands by Scavenger Receptors	REACTOME_BINDING_AND_UPTAKE_OF_LIGANDS_BY_SCAVENGER_RECEPTORS	1	36	452	0.0278
PS	GP	CHEBI:18303	phosphatidyl-L-serine	R-MMU-76002	Platelet activation, signaling and aggregation	REACTOME_PLATELET_ACTIVATION_SIGNALING_AND_AGGREGATION	1	36	452	0.0278
PS	GP	CHEBI:18303	phosphatidyl-L-serine	R-MMU-983712	Ion channel transport	REACTOME_ION_CHANNEL_TRANSPORT	1	50	452	0.02
PS	GP	CHEBI:18303	phosphatidyl-L-serine	R-MMU-1483206	Glycerophospholipid biosynthesis	REACTOME_GLYCEROPHOSPHOLIPID_BIOSYNTHESIS	1	88	452	0.0114
PS	GP	CHEBI:18303	phosphatidyl-L-serine	R-MMU-9006934	Signaling by Receptor Tyrosine Kinases	REACTOME_SIGNALING_BY_RECEPTOR_TYROSINE_KINASES	1	90	452	0.0111
PS	GP	CHEBI:18303	phosphatidyl-L-serine	R-MMU-1483257	Phospholipid metabolism	REACTOME_PHOSPHOLIPID_METABOLISM	1	98	452	0.0102
PS	GP	CHEBI:18303	phosphatidyl-L-serine	R-MMU-112315	Transmission across Chemical Synapses	REACTOME_TRANSMISSION_ACROSS_CHEMICAL_SYNAPSES	1	124	452	0.0081
PS	GP	CHEBI:18303	phosphatidyl-L-serine	R-MMU-112316	Neuronal System	REACTOME_NEURONAL_SYSTEM	1	126	452	0.0079
SHexCer	SP	CHEBI:36477	sulfoglycosphingolipid	R-MMU-198933	Immunoregulatory interactions between a Lymphoid and a non-Lymphoid cell	REACTOME_IMMUNOREGULATORY_INTERACTIONS_BETWEEN_A_LYMPHOID_AND_A_NON_LYMPHOID_CELL	1	11	27	0.0909
SM	SP	CHEBI:64583	sphingomyelin	R-MMU-1369062	ABC transporters in lipid homeostasis	REACTOME_ABC_TRANSPORTERS_IN_LIPID_HOMEOSTASIS	1	11	322	0.0909
SM	SP	CHEBI:64583	sphingomyelin	R-MMU-1660661	Sphingolipid de novo biosynthesis	REACTOME_SPHINGOLIPID_DE_NOVO_BIOSYNTHESIS	1	35	322	0.0286
SM	SP	CHEBI:64583	sphingomyelin	R-MMU-9840310	Glycosphingolipid catabolism	REACTOME_GLYCOSPHINGOLIPID_CATABOLISM	1	38	322	0.0263
SM	SP	CHEBI:64583	sphingomyelin	R-MMU-428157	Sphingolipid metabolism	REACTOME_SPHINGOLIPID_METABOLISM	2	117	322	0.0171
SM	SP	CHEBI:64583	sphingomyelin	R-MMU-1660662	Glycosphingolipid metabolism	REACTOME_GLYCOSPHINGOLIPID_METABOLISM	1	79	322	0.0127
ST	ST	CHEBI:15889	sterol	R-MMU-9024446	NR1H2 and NR1H3-mediated signaling	REACTOME_NR1H2_AND_NR1H3_MEDIATED_SIGNALING	3	4	215	0.75
ST	ST	CHEBI:15889	sterol	R-MMU-8963888	Chylomicron assembly	REACTOME_CHYLOMICRON_ASSEMBLY	1	4	215	0.25
ST	ST	CHEBI:15889	sterol	R-MMU-211976	Endogenous sterols	REACTOME_ENDOGENOUS_STEROLS	10	43	215	0.2326
ST	ST	CHEBI:15889	sterol	R-MMU-196108	Pregnenolone biosynthesis	REACTOME_PREGNENOLONE_BIOSYNTHESIS	3	13	215	0.2308
ST	ST	CHEBI:15889	sterol	R-MMU-4090294	SUMOylation of intracellular receptors	REACTOME_SUMOYLATION_OF_INTRACELLULAR_RECEPTORS	2	9	215	0.2222
ST	ST	CHEBI:15889	sterol	R-MMU-191273	Cholesterol biosynthesis	REACTOME_CHOLESTEROL_BIOSYNTHESIS	16	74	215	0.2162
ST	ST	CHEBI:15889	sterol	R-MMU-1369062	ABC transporters in lipid homeostasis	REACTOME_ABC_TRANSPORTERS_IN_LIPID_HOMEOSTASIS	2	11	215	0.1818
ST	ST	CHEBI:15889	sterol	R-MMU-432142	Platelet sensitization by LDL	REACTOME_PLATELET_SENSITIZATION_BY_LDL	1	6	215	0.1667
ST	ST	CHEBI:15889	sterol	R-MMU-193807	Synthesis of bile acids and bile salts via 27-hydroxycholesterol	REACTOME_SYNTHESIS_OF_BILE_ACIDS_AND_BILE_SALTS_VIA_27_HYDROXYCHOLESTEROL	3	19	215	0.1579
ST	ST	CHEBI:15889	sterol	R-MMU-2990846	SUMOylation	REACTOME_SUMOYLATION	2	13	215	0.1538
ST	ST	CHEBI:15889	sterol	R-MMU-8963901	Chylomicron remodeling	REACTOME_CHYLOMICRON_REMODELING	1	7	215	0.1429
ST	ST	CHEBI:15889	sterol	R-MMU-5358346	Hedgehog ligand biogenesis	REACTOME_HEDGEHOG_LIGAND_BIOGENESIS	1	7	215	0.1429
ST	ST	CHEBI:15889	sterol	R-MMU-8957322	Metabolism of steroids	REACTOME_METABOLISM_OF_STEROIDS	25	183	215	0.1366
ST	ST	CHEBI:15889	sterol	R-MMU-193775	Synthesis of bile acids and bile salts via 24-hydroxycholesterol	REACTOME_SYNTHESIS_OF_BILE_ACIDS_AND_BILE_SALTS_VIA_24_HYDROXYCHOLESTEROL	3	25	215	0.12
ST	ST	CHEBI:15889	sterol	R-MMU-192105	Synthesis of bile acids and bile salts	REACTOME_SYNTHESIS_OF_BILE_ACIDS_AND_BILE_SALTS	8	71	215	0.1127
ST	ST	CHEBI:15889	sterol	R-MMU-194068	Bile acid and bile salt metabolism	REACTOME_BILE_ACID_AND_BILE_SALT_METABOLISM	8	72	215	0.1111
ST	ST	CHEBI:15889	sterol	R-MMU-6809371	Formation of the cornified envelope	REACTOME_FORMATION_OF_THE_CORNIFIED_ENVELOPE	1	9	215	0.1111
ST	ST	CHEBI:15889	sterol	R-MMU-6805567	Keratinization	REACTOME_KERATINIZATION	1	9	215	0.1111
ST	ST	CHEBI:15889	sterol	R-MMU-8964038	LDL clearance	REACTOME_LDL_CLEARANCE	1	9	215	0.1111
ST	ST	CHEBI:15889	sterol	R-MMU-8964043	Plasma lipoprotein clearance	REACTOME_PLASMA_LIPOPROTEIN_CLEARANCE	1	9	215	0.1111
ST	ST	CHEBI:15889	sterol	R-MMU-5686938	Regulation of TLR by endogenous ligand	REACTOME_REGULATION_OF_TLR_BY_ENDOGENOUS_LIGAND	2	19	215	0.1053
ST	ST	CHEBI:15889	sterol	R-MMU-8856825	Cargo recognition for clathrin-mediated endocytosis	REACTOME_CARGO_RECOGNITION_FOR_CLATHRIN_MEDIATED_ENDOCYTOSIS	1	11	215	0.0909
ST	ST	CHEBI:15889	sterol	R-MMU-9707616	Heme signaling	REACTOME_HEME_SIGNALING	1	11	215	0.0909
ST	ST	CHEBI:15889	sterol	R-MMU-202733	Cell surface interactions at the vascular wall	REACTOME_CELL_SURFACE_INTERACTIONS_AT_THE_VASCULAR_WALL	1	12	215	0.0833
ST	ST	CHEBI:15889	sterol	R-MMU-8963898	Plasma lipoprotein assembly	REACTOME_PLASMA_LIPOPROTEIN_ASSEMBLY	1	12	215	0.0833
ST	ST	CHEBI:15889	sterol	R-MMU-5358351	Signaling by Hedgehog	REACTOME_SIGNALING_BY_HEDGEHOG	1	12	215	0.0833
ST	ST	CHEBI:15889	sterol	R-MMU-211897	Cytochrome P450 - arranged by substrate type	REACTOME_CYTOCHROME_P450_ARRANGED_BY_SUBSTRATE_TYPE	10	128	215	0.0781
ST	ST	CHEBI:15889	sterol	R-MMU-196071	Metabolism of steroid hormones	REACTOME_METABOLISM_OF_STEROID_HORMONES	3	48	215	0.0625
ST	ST	CHEBI:15889	sterol	R-MMU-8963899	Plasma lipoprotein remodeling	REACTOME_PLASMA_LIPOPROTEIN_REMODELING	1	16	215	0.0625
ST	ST	CHEBI:15889	sterol	R-MMU-168898	Toll-like Receptor Cascades	REACTOME_TOLL_LIKE_RECEPTOR_CASCADES	2	33	215	0.0606
ST	ST	CHEBI:15889	sterol	R-MMU-8856828	Clathrin-mediated endocytosis	REACTOME_CLATHRIN_MEDIATED_ENDOCYTOSIS	1	17	215	0.0588
ST	ST	CHEBI:15889	sterol	R-MMU-2173782	Binding and Uptake of Ligands by Scavenger Receptors	REACTOME_BINDING_AND_UPTAKE_OF_LIGANDS_BY_SCAVENGER_RECEPTORS	2	36	215	0.0556
ST	ST	CHEBI:15889	sterol	R-MMU-156584	Cytosolic sulfonation of small molecules	REACTOME_CYTOSOLIC_SULFONATION_OF_SMALL_MOLECULES	2	41	215	0.0488
ST	ST	CHEBI:15889	sterol	R-MMU-174824	Plasma lipoprotein assembly, remodeling, and clearance	REACTOME_PLASMA_LIPOPROTEIN_ASSEMBLY_REMODELING_AND_CLEARANCE	1	21	215	0.0476
ST	ST	CHEBI:15889	sterol	R-MMU-211945	Phase I - Functionalization of compounds	REACTOME_PHASE_I_FUNCTIONALIZATION_OF_COMPOUNDS	10	217	215	0.0461
ST	ST	CHEBI:15889	sterol	R-MMU-9006931	Signaling by Nuclear Receptors	REACTOME_SIGNALING_BY_NUCLEAR_RECEPTORS	3	68	215	0.0441
ST	ST	CHEBI:15889	sterol	R-MMU-193368	Synthesis of bile acids and bile salts via 7alpha-hydroxycholesterol	REACTOME_SYNTHESIS_OF_BILE_ACIDS_AND_BILE_SALTS_VIA_7ALPHA_HYDROXYCHOLESTEROL	2	51	215	0.0392
ST	ST	CHEBI:15889	sterol	R-MMU-418346	Platelet homeostasis	REACTOME_PLATELET_HOMEOSTASIS	1	31	215	0.0323
ST	ST	CHEBI:15889	sterol	R-MMU-211859	Biological oxidations	REACTOME_BIOLOGICAL_OXIDATIONS	10	347	215	0.0288
ST	ST	CHEBI:15889	sterol	R-MMU-6806667	Metabolism of fat-soluble vitamins	REACTOME_METABOLISM_OF_FAT_SOLUBLE_VITAMINS	1	38	215	0.0263
ST	ST	CHEBI:15889	sterol	R-MMU-8935690	Digestion	REACTOME_DIGESTION	1	44	215	0.0227
ST	ST	CHEBI:15889	sterol	R-MMU-8939211	ESR-mediated signaling	REACTOME_ESR_MEDIATED_SIGNALING	1	44	215	0.0227
ST	ST	CHEBI:15889	sterol	R-MMU-9969896	Lanosterol biosynthesis	REACTOME_LANOSTEROL_BIOSYNTHESIS	1	45	215	0.0222
ST	ST	CHEBI:15889	sterol	R-MMU-8963743	Digestion and absorption	REACTOME_DIGESTION_AND_ABSORPTION	1	46	215	0.0217
ST	ST	CHEBI:15889	sterol	R-MMU-2187338	Visual phototransduction	REACTOME_VISUAL_PHOTOTRANSDUCTION	1	53	215	0.0189
ST	ST	CHEBI:15889	sterol	R-MMU-156580	Phase II - Conjugation of compounds	REACTOME_PHASE_II_CONJUGATION_OF_COMPOUNDS	2	151	215	0.0132
ST	ST	CHEBI:15889	sterol	R-MMU-418594	G alpha (i) signalling events	REACTOME_G_ALPHA_I_SIGNALLING_EVENTS	1	107	215	0.0093
ST	ST	CHEBI:15889	sterol	R-MMU-196854	Metabolism of vitamins and cofactors	REACTOME_METABOLISM_OF_VITAMINS_AND_COFACTORS	1	183	215	0.0055
ST	ST	CHEBI:15889	sterol	R-MMU-9709957	Sensory Perception	REACTOME_SENSORY_PERCEPTION	1	195	215	0.0051
ST	ST	CHEBI:15889	sterol	R-MMU-500792	GPCR ligand binding	REACTOME_GPCR_LIGAND_BINDING	1	344	215	0.0029
TG	GL	CHEBI:17855	triglyceride	R-MMU-8963888	Chylomicron assembly	REACTOME_CHYLOMICRON_ASSEMBLY	1	4	1760	0.25
TG	GL	CHEBI:17855	triglyceride	R-MMU-8963889	Assembly of active LPL and LIPC lipase complexes	REACTOME_ASSEMBLY_OF_ACTIVE_LPL_AND_LIPC_LIPASE_COMPLEXES	1	6	1760	0.1667
TG	GL	CHEBI:17855	triglyceride	R-MMU-432142	Platelet sensitization by LDL	REACTOME_PLATELET_SENSITIZATION_BY_LDL	1	6	1760	0.1667
TG	GL	CHEBI:17855	triglyceride	R-MMU-8963901	Chylomicron remodeling	REACTOME_CHYLOMICRON_REMODELING	1	7	1760	0.1429
TG	GL	CHEBI:17855	triglyceride	R-MMU-6809371	Formation of the cornified envelope	REACTOME_FORMATION_OF_THE_CORNIFIED_ENVELOPE	1	9	1760	0.1111
TG	GL	CHEBI:17855	triglyceride	R-MMU-6805567	Keratinization	REACTOME_KERATINIZATION	1	9	1760	0.1111
TG	GL	CHEBI:17855	triglyceride	R-MMU-8964038	LDL clearance	REACTOME_LDL_CLEARANCE	1	9	1760	0.1111
TG	GL	CHEBI:17855	triglyceride	R-MMU-8964043	Plasma lipoprotein clearance	REACTOME_PLASMA_LIPOPROTEIN_CLEARANCE	1	9	1760	0.1111
TG	GL	CHEBI:17855	triglyceride	R-MMU-163560	Triglyceride catabolism	REACTOME_TRIGLYCERIDE_CATABOLISM	1	9	1760	0.1111
TG	GL	CHEBI:17855	triglyceride	R-MMU-8856825	Cargo recognition for clathrin-mediated endocytosis	REACTOME_CARGO_RECOGNITION_FOR_CLATHRIN_MEDIATED_ENDOCYTOSIS	1	11	1760	0.0909
TG	GL	CHEBI:17855	triglyceride	R-MMU-9707616	Heme signaling	REACTOME_HEME_SIGNALING	1	11	1760	0.0909
TG	GL	CHEBI:17855	triglyceride	R-MMU-202733	Cell surface interactions at the vascular wall	REACTOME_CELL_SURFACE_INTERACTIONS_AT_THE_VASCULAR_WALL	1	12	1760	0.0833
TG	GL	CHEBI:17855	triglyceride	R-MMU-8963898	Plasma lipoprotein assembly	REACTOME_PLASMA_LIPOPROTEIN_ASSEMBLY	1	12	1760	0.0833
TG	GL	CHEBI:17855	triglyceride	R-MMU-8963899	Plasma lipoprotein remodeling	REACTOME_PLASMA_LIPOPROTEIN_REMODELING	1	16	1760	0.0625
TG	GL	CHEBI:17855	triglyceride	R-MMU-8856828	Clathrin-mediated endocytosis	REACTOME_CLATHRIN_MEDIATED_ENDOCYTOSIS	1	17	1760	0.0588
TG	GL	CHEBI:17855	triglyceride	R-MMU-5686938	Regulation of TLR by endogenous ligand	REACTOME_REGULATION_OF_TLR_BY_ENDOGENOUS_LIGAND	1	19	1760	0.0526
TG	GL	CHEBI:17855	triglyceride	R-MMU-75109	Triglyceride biosynthesis	REACTOME_TRIGLYCERIDE_BIOSYNTHESIS	1	19	1760	0.0526
TG	GL	CHEBI:17855	triglyceride	R-MMU-174824	Plasma lipoprotein assembly, remodeling, and clearance	REACTOME_PLASMA_LIPOPROTEIN_ASSEMBLY_REMODELING_AND_CLEARANCE	1	21	1760	0.0476
TG	GL	CHEBI:17855	triglyceride	R-MMU-8979227	Triglyceride metabolism	REACTOME_TRIGLYCERIDE_METABOLISM	1	24	1760	0.0417
TG	GL	CHEBI:17855	triglyceride	R-MMU-418346	Platelet homeostasis	REACTOME_PLATELET_HOMEOSTASIS	1	31	1760	0.0323
TG	GL	CHEBI:17855	triglyceride	R-MMU-168898	Toll-like Receptor Cascades	REACTOME_TOLL_LIKE_RECEPTOR_CASCADES	1	33	1760	0.0303
TG	GL	CHEBI:17855	triglyceride	R-MMU-2173782	Binding and Uptake of Ligands by Scavenger Receptors	REACTOME_BINDING_AND_UPTAKE_OF_LIGANDS_BY_SCAVENGER_RECEPTORS	1	36	1760	0.0278
TG	GL	CHEBI:17855	triglyceride	R-MMU-6806667	Metabolism of fat-soluble vitamins	REACTOME_METABOLISM_OF_FAT_SOLUBLE_VITAMINS	1	38	1760	0.0263
TG	GL	CHEBI:17855	triglyceride	R-MMU-8935690	Digestion	REACTOME_DIGESTION	1	44	1760	0.0227
TG	GL	CHEBI:17855	triglyceride	R-MMU-8963743	Digestion and absorption	REACTOME_DIGESTION_AND_ABSORPTION	1	46	1760	0.0217
TG	GL	CHEBI:17855	triglyceride	R-MMU-2187338	Visual phototransduction	REACTOME_VISUAL_PHOTOTRANSDUCTION	1	53	1760	0.0189
TG	GL	CHEBI:17855	triglyceride	R-MMU-1483206	Glycerophospholipid biosynthesis	REACTOME_GLYCEROPHOSPHOLIPID_BIOSYNTHESIS	1	88	1760	0.0114
TG	GL	CHEBI:17855	triglyceride	R-MMU-1483257	Phospholipid metabolism	REACTOME_PHOSPHOLIPID_METABOLISM	1	98	1760	0.0102
TG	GL	CHEBI:17855	triglyceride	R-MMU-196854	Metabolism of vitamins and cofactors	REACTOME_METABOLISM_OF_VITAMINS_AND_COFACTORS	1	183	1760	0.0055
TG	GL	CHEBI:17855	triglyceride	R-MMU-9709957	Sensory Perception	REACTOME_SENSORY_PERCEPTION	1	195	1760	0.0051
VitE	PR	CHEBI:33234	vitamin E	R-MMU-6806667	Metabolism of fat-soluble vitamins	REACTOME_METABOLISM_OF_FAT_SOLUBLE_VITAMINS	1	38	17	0.0263
VitE	PR	CHEBI:33234	vitamin E	R-MMU-196854	Metabolism of vitamins and cofactors	REACTOME_METABOLISM_OF_VITAMINS_AND_COFACTORS	1	183	17	0.0055
